구분,질문,답변
전월세가,강동구 강일동에 있는 2009년에 지어진 강일리버파크3단지 아파트은/는 12층 39.9m²(임대면적) 기준으로 보증금 2938만원 임대료는 23만원에 월세로 거래되었습니다.,강동구 강일동에 있는 2009년에 지어진 강일리버파크3단지 아파트은/는 12층 39.9m²(임대면적) 기준으로 보증금 2938만원 임대료는 23만원에 월세로 거래되었습니다.
전월세가,구로구 천왕동에 있는 2017년에 지어진 천왕이펜하우스7단지 아파트은/는 7층 29.96m²(임대면적) 기준으로 보증금 4159만원 임대료는 5만원에 월세로 거래되었습니다.,구로구 천왕동에 있는 2017년에 지어진 천왕이펜하우스7단지 아파트은/는 7층 29.96m²(임대면적) 기준으로 보증금 4159만원 임대료는 5만원에 월세로 거래되었습니다.
전월세가,서대문구 홍은동에 있는 1992년에 지어진 (8-694) 연립다세대은/는 1층 32.43m²(임대면적) 기준으로 보증금 6000만원 임대료는 0만원에 전세로 거래되었습니다.,서대문구 홍은동에 있는 1992년에 지어진 (8-694) 연립다세대은/는 1층 32.43m²(임대면적) 기준으로 보증금 6000만원 임대료는 0만원에 전세로 거래되었습니다.
전월세가,구로구 천왕동에 있는 2011년에 지어진 천왕이펜하우스4단지 아파트은/는 6층 59.95m²(임대면적) 기준으로 보증금 14246만원 임대료는 0만원에 전세로 거래되었습니다.,구로구 천왕동에 있는 2011년에 지어진 천왕이펜하우스4단지 아파트은/는 6층 59.95m²(임대면적) 기준으로 보증금 14246만원 임대료는 0만원에 전세로 거래되었습니다.
전월세가,마포구 아현동에 있는 2015년에 지어진 공덕자이 아파트은/는 18층 59.99m²(임대면적) 기준으로 보증금 65000만원 임대료는 0만원에 전세로 거래되었습니다.,마포구 아현동에 있는 2015년에 지어진 공덕자이 아파트은/는 18층 59.99m²(임대면적) 기준으로 보증금 65000만원 임대료는 0만원에 전세로 거래되었습니다.
전월세가,금천구 시흥동에 있는 1988년에 지어진 중앙하이츠빌라 연립다세대은/는 2층 49.84m²(임대면적) 기준으로 보증금 15000만원 임대료는 0만원에 전세로 거래되었습니다.,금천구 시흥동에 있는 1988년에 지어진 중앙하이츠빌라 연립다세대은/는 2층 49.84m²(임대면적) 기준으로 보증금 15000만원 임대료는 0만원에 전세로 거래되었습니다.
전월세가,광진구 자양동에 있는 2017년에 지어진 Y-PARK(와이파크) 연립다세대은/는 5층 37.44m²(임대면적) 기준으로 보증금 30000만원 임대료는 0만원에 전세로 거래되었습니다.,광진구 자양동에 있는 2017년에 지어진 Y-PARK(와이파크) 연립다세대은/는 5층 37.44m²(임대면적) 기준으로 보증금 30000만원 임대료는 0만원에 전세로 거래되었습니다.
전월세가,송파구 신천동에 있는 1979년에 지어진 장미1 아파트은/는 3층 155.22m²(임대면적) 기준으로 보증금 79800만원 임대료는 0만원에 전세로 거래되었습니다.,송파구 신천동에 있는 1979년에 지어진 장미1 아파트은/는 3층 155.22m²(임대면적) 기준으로 보증금 79800만원 임대료는 0만원에 전세로 거래되었습니다.
전월세가,중구 광희동1가에 있는 2023년에 지어진 광희동1가166외7필지청년주택신축 아파트은/는 20층 15.51m²(임대면적) 기준으로 보증금 8510만원 임대료는 41만원에 월세로 거래되었습니다.,중구 광희동1가에 있는 2023년에 지어진 광희동1가166외7필지청년주택신축 아파트은/는 20층 15.51m²(임대면적) 기준으로 보증금 8510만원 임대료는 41만원에 월세로 거래되었습니다.
전월세가,구로구 고척동에 있는 2016년에 지어진 엘림하우스 연립다세대은/는 4층 56.14m²(임대면적) 기준으로 보증금 4358만원 임대료는 10만원에 월세로 거래되었습니다.,구로구 고척동에 있는 2016년에 지어진 엘림하우스 연립다세대은/는 4층 56.14m²(임대면적) 기준으로 보증금 4358만원 임대료는 10만원에 월세로 거래되었습니다.
전월세가,금천구 가산동에 있는 2020년에 지어진 가산센트럴 푸르지오시티 오피스텔은/는 17층 17.69m²(임대면적) 기준으로 보증금 12800만원 임대료는 0만원에 전세로 거래되었습니다.,금천구 가산동에 있는 2020년에 지어진 가산센트럴 푸르지오시티 오피스텔은/는 17층 17.69m²(임대면적) 기준으로 보증금 12800만원 임대료는 0만원에 전세로 거래되었습니다.
전월세가,강남구 대치동에 있는 1979년에 지어진 은마 아파트은/는 7층 84.43m²(임대면적) 기준으로 보증금 35000만원 임대료는 135만원에 월세로 거래되었습니다.,강남구 대치동에 있는 1979년에 지어진 은마 아파트은/는 7층 84.43m²(임대면적) 기준으로 보증금 35000만원 임대료는 135만원에 월세로 거래되었습니다.
전월세가,성동구 하왕십리동에 있는 2022년에 지어진 (890-84) 연립다세대은/는 5층 36.94m²(임대면적) 기준으로 보증금 10000만원 임대료는 132만원에 월세로 거래되었습니다.,성동구 하왕십리동에 있는 2022년에 지어진 (890-84) 연립다세대은/는 5층 36.94m²(임대면적) 기준으로 보증금 10000만원 임대료는 132만원에 월세로 거래되었습니다.
전월세가,구로구 천왕동에 있는 2011년에 지어진 천왕이펜하우스4단지 아파트은/는 4층 49.58m²(임대면적) 기준으로 보증금 10116만원 임대료는 0만원에 전세로 거래되었습니다.,구로구 천왕동에 있는 2011년에 지어진 천왕이펜하우스4단지 아파트은/는 4층 49.58m²(임대면적) 기준으로 보증금 10116만원 임대료는 0만원에 전세로 거래되었습니다.
전월세가,은평구 녹번동에 있는 2014년에 지어진 경인에버빌(141-105) 연립다세대은/는 2층 51.22m²(임대면적) 기준으로 보증금 20500만원 임대료는 0만원에 전세로 거래되었습니다.,은평구 녹번동에 있는 2014년에 지어진 경인에버빌(141-105) 연립다세대은/는 2층 51.22m²(임대면적) 기준으로 보증금 20500만원 임대료는 0만원에 전세로 거래되었습니다.
전월세가,성동구 옥수동에 있는 1990년에 지어진 현대 아파트은/는 7층 63.13m²(임대면적) 기준으로 보증금 20000만원 임대료는 80만원에 월세로 거래되었습니다.,성동구 옥수동에 있는 1990년에 지어진 현대 아파트은/는 7층 63.13m²(임대면적) 기준으로 보증금 20000만원 임대료는 80만원에 월세로 거래되었습니다.
전월세가,강동구 고덕동에 있는 2019년에 지어진 고덕그라시움 아파트은/는 18층 59.03m²(임대면적) 기준으로 보증금 46300만원 임대료는 0만원에 전세로 거래되었습니다.,강동구 고덕동에 있는 2019년에 지어진 고덕그라시움 아파트은/는 18층 59.03m²(임대면적) 기준으로 보증금 46300만원 임대료는 0만원에 전세로 거래되었습니다.
전월세가,광진구 광장동에 있는 1987년에 지어진 워커힐푸르지오 아파트은/는 6층 65.63m²(임대면적) 기준으로 보증금 54000만원 임대료는 20만원에 월세로 거래되었습니다.,광진구 광장동에 있는 1987년에 지어진 워커힐푸르지오 아파트은/는 6층 65.63m²(임대면적) 기준으로 보증금 54000만원 임대료는 20만원에 월세로 거래되었습니다.
전월세가,송파구 송파동에 있는 2018년에 지어진 (139-12) 연립다세대은/는 4층 43.64m²(임대면적) 기준으로 보증금 507만원 임대료는 59만원에 월세로 거래되었습니다.,송파구 송파동에 있는 2018년에 지어진 (139-12) 연립다세대은/는 4층 43.64m²(임대면적) 기준으로 보증금 507만원 임대료는 59만원에 월세로 거래되었습니다.
전월세가,강서구 마곡동에 있는 2017년에 지어진 힐스테이트에코 마곡나루역 라마다앙코르 서울마곡 오피스텔은/는 9층 21.5m²(임대면적) 기준으로 보증금 1000만원 임대료는 75만원에 월세로 거래되었습니다.,강서구 마곡동에 있는 2017년에 지어진 힐스테이트에코 마곡나루역 라마다앙코르 서울마곡 오피스텔은/는 9층 21.5m²(임대면적) 기준으로 보증금 1000만원 임대료는 75만원에 월세로 거래되었습니다.
전월세가,금천구 시흥동에 있는 2004년에 지어진 관악산벽산타운5 아파트은/는 17층 59.34m²(임대면적) 기준으로 보증금 31700만원 임대료는 0만원에 전세로 거래되었습니다.,금천구 시흥동에 있는 2004년에 지어진 관악산벽산타운5 아파트은/는 17층 59.34m²(임대면적) 기준으로 보증금 31700만원 임대료는 0만원에 전세로 거래되었습니다.
전월세가,마포구 신수동에 있는 1996년에 지어진 현대 아파트은/는 1층 84.85m²(임대면적) 기준으로 보증금 50000만원 임대료는 0만원에 전세로 거래되었습니다.,마포구 신수동에 있는 1996년에 지어진 현대 아파트은/는 1층 84.85m²(임대면적) 기준으로 보증금 50000만원 임대료는 0만원에 전세로 거래되었습니다.
전월세가,광진구 자양동에 있는 2016년에 지어진 경성아트빌 연립다세대은/는 4층 29.04m²(임대면적) 기준으로 보증금 2000만원 임대료는 85만원에 월세로 거래되었습니다.,광진구 자양동에 있는 2016년에 지어진 경성아트빌 연립다세대은/는 4층 29.04m²(임대면적) 기준으로 보증금 2000만원 임대료는 85만원에 월세로 거래되었습니다.
전월세가,동작구 신대방동에 있는 2007년에 지어진  단독다가구은/는 0층 18.0m²(임대면적) 기준으로 보증금 500만원 임대료는 50만원에 월세로 거래되었습니다.,동작구 신대방동에 있는 2007년에 지어진  단독다가구은/는 0층 18.0m²(임대면적) 기준으로 보증금 500만원 임대료는 50만원에 월세로 거래되었습니다.
전월세가,광진구 화양동에 있는 2012년에 지어진 IRIS 연립다세대은/는 5층 19.52m²(임대면적) 기준으로 보증금 13200만원 임대료는 0만원에 전세로 거래되었습니다.,광진구 화양동에 있는 2012년에 지어진 IRIS 연립다세대은/는 5층 19.52m²(임대면적) 기준으로 보증금 13200만원 임대료는 0만원에 전세로 거래되었습니다.
전월세가,관악구 봉천동에 있는 년에 지어진  단독다가구은/는 0층 17.0m²(임대면적) 기준으로 보증금 9000만원 임대료는 0만원에 전세로 거래되었습니다.,관악구 봉천동에 있는 년에 지어진  단독다가구은/는 0층 17.0m²(임대면적) 기준으로 보증금 9000만원 임대료는 0만원에 전세로 거래되었습니다.
전월세가,강남구 세곡동에 있는 2013년에 지어진 강남엘에이치1단지 아파트은/는 3층 59.99m²(임대면적) 기준으로 보증금 60000만원 임대료는 0만원에 전세로 거래되었습니다.,강남구 세곡동에 있는 2013년에 지어진 강남엘에이치1단지 아파트은/는 3층 59.99m²(임대면적) 기준으로 보증금 60000만원 임대료는 0만원에 전세로 거래되었습니다.
전월세가,관악구 봉천동에 있는 1992년에 지어진 현대(관악) 아파트은/는 1층 84.74m²(임대면적) 기준으로 보증금 40000만원 임대료는 0만원에 전세로 거래되었습니다.,관악구 봉천동에 있는 1992년에 지어진 현대(관악) 아파트은/는 1층 84.74m²(임대면적) 기준으로 보증금 40000만원 임대료는 0만원에 전세로 거래되었습니다.
전월세가,광진구 자양동에 있는 2014년에 지어진 경성홈타운 연립다세대은/는 5층 31.01m²(임대면적) 기준으로 보증금 23000만원 임대료는 0만원에 전세로 거래되었습니다.,광진구 자양동에 있는 2014년에 지어진 경성홈타운 연립다세대은/는 5층 31.01m²(임대면적) 기준으로 보증금 23000만원 임대료는 0만원에 전세로 거래되었습니다.
전월세가,강남구 대치동에 있는 1979년에 지어진 은마 아파트은/는 9층 76.79m²(임대면적) 기준으로 보증금 20000만원 임대료는 200만원에 월세로 거래되었습니다.,강남구 대치동에 있는 1979년에 지어진 은마 아파트은/는 9층 76.79m²(임대면적) 기준으로 보증금 20000만원 임대료는 200만원에 월세로 거래되었습니다.
전월세가,양천구 신월동에 있는 2011년에 지어진 그린빌리지 연립다세대은/는 5층 35.45m²(임대면적) 기준으로 보증금 12600만원 임대료는 0만원에 전세로 거래되었습니다.,양천구 신월동에 있는 2011년에 지어진 그린빌리지 연립다세대은/는 5층 35.45m²(임대면적) 기준으로 보증금 12600만원 임대료는 0만원에 전세로 거래되었습니다.
전월세가,관악구 봉천동에 있는 1992년에 지어진 현대(관악) 아파트은/는 7층 105.84m²(임대면적) 기준으로 보증금 55000만원 임대료는 0만원에 전세로 거래되었습니다.,관악구 봉천동에 있는 1992년에 지어진 현대(관악) 아파트은/는 7층 105.84m²(임대면적) 기준으로 보증금 55000만원 임대료는 0만원에 전세로 거래되었습니다.
전월세가,광진구 구의동에 있는 1992년에 지어진 구의강변우성아파트 아파트은/는 5층 84.76m²(임대면적) 기준으로 보증금 10000만원 임대료는 146만원에 월세로 거래되었습니다.,광진구 구의동에 있는 1992년에 지어진 구의강변우성아파트 아파트은/는 5층 84.76m²(임대면적) 기준으로 보증금 10000만원 임대료는 146만원에 월세로 거래되었습니다.
전월세가,관악구 신림동에 있는 2023년에 지어진  단독다가구은/는 0층 18.0m²(임대면적) 기준으로 보증금 1000만원 임대료는 47만원에 월세로 거래되었습니다.,관악구 신림동에 있는 2023년에 지어진  단독다가구은/는 0층 18.0m²(임대면적) 기준으로 보증금 1000만원 임대료는 47만원에 월세로 거래되었습니다.
전월세가,동작구 대방동에 있는 2016년에 지어진 노블하우스 연립다세대은/는 2층 42.25m²(임대면적) 기준으로 보증금 34000만원 임대료는 0만원에 전세로 거래되었습니다.,동작구 대방동에 있는 2016년에 지어진 노블하우스 연립다세대은/는 2층 42.25m²(임대면적) 기준으로 보증금 34000만원 임대료는 0만원에 전세로 거래되었습니다.
전월세가,마포구 합정동에 있는 2022년에 지어진 아스테리온 연립다세대은/는 3층 27.69m²(임대면적) 기준으로 보증금 33300만원 임대료는 0만원에 전세로 거래되었습니다.,마포구 합정동에 있는 2022년에 지어진 아스테리온 연립다세대은/는 3층 27.69m²(임대면적) 기준으로 보증금 33300만원 임대료는 0만원에 전세로 거래되었습니다.
전월세가,송파구 거여동에 있는 1997년에 지어진 거여6단지 아파트은/는 13층 39.15m²(임대면적) 기준으로 보증금 3691만원 임대료는 0만원에 전세로 거래되었습니다.,송파구 거여동에 있는 1997년에 지어진 거여6단지 아파트은/는 13층 39.15m²(임대면적) 기준으로 보증금 3691만원 임대료는 0만원에 전세로 거래되었습니다.
전월세가,동대문구 장안동에 있는 2022년에 지어진 장안엘리시아 연립다세대은/는 9층 21.32m²(임대면적) 기준으로 보증금 19600만원 임대료는 0만원에 전세로 거래되었습니다.,동대문구 장안동에 있는 2022년에 지어진 장안엘리시아 연립다세대은/는 9층 21.32m²(임대면적) 기준으로 보증금 19600만원 임대료는 0만원에 전세로 거래되었습니다.
전월세가,서대문구 홍제동에 있는 1999년에 지어진 남양 아파트은/는 21층 84.71m²(임대면적) 기준으로 보증금 30000만원 임대료는 50만원에 월세로 거래되었습니다.,서대문구 홍제동에 있는 1999년에 지어진 남양 아파트은/는 21층 84.71m²(임대면적) 기준으로 보증금 30000만원 임대료는 50만원에 월세로 거래되었습니다.
전월세가,도봉구 창동에 있는 2010년에 지어진  단독다가구은/는 0층 18.0m²(임대면적) 기준으로 보증금 500만원 임대료는 48만원에 월세로 거래되었습니다.,도봉구 창동에 있는 2010년에 지어진  단독다가구은/는 0층 18.0m²(임대면적) 기준으로 보증금 500만원 임대료는 48만원에 월세로 거래되었습니다.
전월세가,동작구 상도1동에 있는 2012년에 지어진 J+CRESIDENCE 연립다세대은/는 4층 13.26m²(임대면적) 기준으로 보증금 3000만원 임대료는 42만원에 월세로 거래되었습니다.,동작구 상도1동에 있는 2012년에 지어진 J+CRESIDENCE 연립다세대은/는 4층 13.26m²(임대면적) 기준으로 보증금 3000만원 임대료는 42만원에 월세로 거래되었습니다.
전월세가,노원구 중계동에 있는 1993년에 지어진 현대1(4차) 아파트은/는 5층 84.99m²(임대면적) 기준으로 보증금 45000만원 임대료는 0만원에 전세로 거래되었습니다.,노원구 중계동에 있는 1993년에 지어진 현대1(4차) 아파트은/는 5층 84.99m²(임대면적) 기준으로 보증금 45000만원 임대료는 0만원에 전세로 거래되었습니다.
전월세가,광진구 화양동에 있는 2017년에 지어진 광진캠퍼스시티 오피스텔은/는 5층 16.08m²(임대면적) 기준으로 보증금 14000만원 임대료는 0만원에 전세로 거래되었습니다.,광진구 화양동에 있는 2017년에 지어진 광진캠퍼스시티 오피스텔은/는 5층 16.08m²(임대면적) 기준으로 보증금 14000만원 임대료는 0만원에 전세로 거래되었습니다.
전월세가,광진구 중곡동에 있는 2017년에 지어진 아스하임 연립다세대은/는 5층 22.43m²(임대면적) 기준으로 보증금 22000만원 임대료는 0만원에 전세로 거래되었습니다.,광진구 중곡동에 있는 2017년에 지어진 아스하임 연립다세대은/는 5층 22.43m²(임대면적) 기준으로 보증금 22000만원 임대료는 0만원에 전세로 거래되었습니다.
전월세가,은평구 수색동에 있는 2021년에 지어진 DMCSKVIEW 아파트은/는 10층 59.99m²(임대면적) 기준으로 보증금 60000만원 임대료는 0만원에 전세로 거래되었습니다.,은평구 수색동에 있는 2021년에 지어진 DMCSKVIEW 아파트은/는 10층 59.99m²(임대면적) 기준으로 보증금 60000만원 임대료는 0만원에 전세로 거래되었습니다.
전월세가,강서구 염창동에 있는 2005년에 지어진 염창2차보람 아파트은/는 15층 84.97m²(임대면적) 기준으로 보증금 50000만원 임대료는 0만원에 전세로 거래되었습니다.,강서구 염창동에 있는 2005년에 지어진 염창2차보람 아파트은/는 15층 84.97m²(임대면적) 기준으로 보증금 50000만원 임대료는 0만원에 전세로 거래되었습니다.
전월세가,용산구 이태원동에 있는 2023년에 지어진 THE-Y198 연립다세대은/는 1층 26.95m²(임대면적) 기준으로 보증금 26000만원 임대료는 0만원에 전세로 거래되었습니다.,용산구 이태원동에 있는 2023년에 지어진 THE-Y198 연립다세대은/는 1층 26.95m²(임대면적) 기준으로 보증금 26000만원 임대료는 0만원에 전세로 거래되었습니다.
전월세가,송파구 거여동에 있는 1992년에 지어진 현대1차 아파트은/는 13층 84.89m²(임대면적) 기준으로 보증금 50000만원 임대료는 0만원에 전세로 거래되었습니다.,송파구 거여동에 있는 1992년에 지어진 현대1차 아파트은/는 13층 84.89m²(임대면적) 기준으로 보증금 50000만원 임대료는 0만원에 전세로 거래되었습니다.
전월세가,강동구 고덕동에 있는 2019년에 지어진 고덕그라시움 아파트은/는 11층 84.05m²(임대면적) 기준으로 보증금 85000만원 임대료는 0만원에 전세로 거래되었습니다.,강동구 고덕동에 있는 2019년에 지어진 고덕그라시움 아파트은/는 11층 84.05m²(임대면적) 기준으로 보증금 85000만원 임대료는 0만원에 전세로 거래되었습니다.
전월세가,강동구 둔촌동에 있는 1984년에 지어진 프라자 아파트은/는 11층 83.4m²(임대면적) 기준으로 보증금 50000만원 임대료는 0만원에 전세로 거래되었습니다.,강동구 둔촌동에 있는 1984년에 지어진 프라자 아파트은/는 11층 83.4m²(임대면적) 기준으로 보증금 50000만원 임대료는 0만원에 전세로 거래되었습니다.
전월세가,영등포구 당산동에 있는 2011년에 지어진 노들리안 오피스텔1 오피스텔은/는 11층 29.31m²(임대면적) 기준으로 보증금 8000만원 임대료는 35만원에 월세로 거래되었습니다.,영등포구 당산동에 있는 2011년에 지어진 노들리안 오피스텔1 오피스텔은/는 11층 29.31m²(임대면적) 기준으로 보증금 8000만원 임대료는 35만원에 월세로 거래되었습니다.
전월세가,"강남구 압구정동에 있는 1976년에 지어진 현대1차(12,13,21,22,31,32,33동) 아파트은/는 4층 161.18m²(임대면적) 기준으로 보증금 120000만원 임대료는 0만원에 전세로 거래되었습니다.","강남구 압구정동에 있는 1976년에 지어진 현대1차(12,13,21,22,31,32,33동) 아파트은/는 4층 161.18m²(임대면적) 기준으로 보증금 120000만원 임대료는 0만원에 전세로 거래되었습니다."
전월세가,중랑구 신내동에 있는 1996년에 지어진 건영2차 아파트은/는 23층 57.3m²(임대면적) 기준으로 보증금 27300만원 임대료는 10만원에 월세로 거래되었습니다.,중랑구 신내동에 있는 1996년에 지어진 건영2차 아파트은/는 23층 57.3m²(임대면적) 기준으로 보증금 27300만원 임대료는 10만원에 월세로 거래되었습니다.
전월세가,구로구 천왕동에 있는 2011년에 지어진 천왕이펜하우스4단지 아파트은/는 12층 49.58m²(임대면적) 기준으로 보증금 10116만원 임대료는 0만원에 전세로 거래되었습니다.,구로구 천왕동에 있는 2011년에 지어진 천왕이펜하우스4단지 아파트은/는 12층 49.58m²(임대면적) 기준으로 보증금 10116만원 임대료는 0만원에 전세로 거래되었습니다.
전월세가,서대문구 남가좌동에 있는 1999년에 지어진 남가좌동현대(임대) 아파트은/는 17층 32.76m²(임대면적) 기준으로 보증금 1333만원 임대료는 17만원에 월세로 거래되었습니다.,서대문구 남가좌동에 있는 1999년에 지어진 남가좌동현대(임대) 아파트은/는 17층 32.76m²(임대면적) 기준으로 보증금 1333만원 임대료는 17만원에 월세로 거래되었습니다.
전월세가,송파구 풍납동에 있는 2019년에 지어진 잠실올림픽공원아이파크 아파트은/는 10층 84.99m²(임대면적) 기준으로 보증금 95000만원 임대료는 0만원에 전세로 거래되었습니다.,송파구 풍납동에 있는 2019년에 지어진 잠실올림픽공원아이파크 아파트은/는 10층 84.99m²(임대면적) 기준으로 보증금 95000만원 임대료는 0만원에 전세로 거래되었습니다.
전월세가,서초구 우면동에 있는 2011년에 지어진 네이처힐가든 연립다세대은/는 5층 59.79m²(임대면적) 기준으로 보증금 3337만원 임대료는 53만원에 월세로 거래되었습니다.,서초구 우면동에 있는 2011년에 지어진 네이처힐가든 연립다세대은/는 5층 59.79m²(임대면적) 기준으로 보증금 3337만원 임대료는 53만원에 월세로 거래되었습니다.
전월세가,광진구 광장동에 있는 1990년에 지어진 현대3 아파트은/는 5층 59.67m²(임대면적) 기준으로 보증금 45000만원 임대료는 0만원에 전세로 거래되었습니다.,광진구 광장동에 있는 1990년에 지어진 현대3 아파트은/는 5층 59.67m²(임대면적) 기준으로 보증금 45000만원 임대료는 0만원에 전세로 거래되었습니다.
전월세가,서초구 우면동에 있는 2011년에 지어진 네이처힐가든 연립다세대은/는 3층 59.79m²(임대면적) 기준으로 보증금 9313만원 임대료는 35만원에 월세로 거래되었습니다.,서초구 우면동에 있는 2011년에 지어진 네이처힐가든 연립다세대은/는 3층 59.79m²(임대면적) 기준으로 보증금 9313만원 임대료는 35만원에 월세로 거래되었습니다.
전월세가,강동구 천호동에 있는 2023년에 지어진 아스하임 연립다세대은/는 2층 29.07m²(임대면적) 기준으로 보증금 3000만원 임대료는 90만원에 월세로 거래되었습니다.,강동구 천호동에 있는 2023년에 지어진 아스하임 연립다세대은/는 2층 29.07m²(임대면적) 기준으로 보증금 3000만원 임대료는 90만원에 월세로 거래되었습니다.
전월세가,은평구 역촌동에 있는 2023년에 지어진 (1-12) 오피스텔은/는 8층 29.6m²(임대면적) 기준으로 보증금 23500만원 임대료는 0만원에 전세로 거래되었습니다.,은평구 역촌동에 있는 2023년에 지어진 (1-12) 오피스텔은/는 8층 29.6m²(임대면적) 기준으로 보증금 23500만원 임대료는 0만원에 전세로 거래되었습니다.
전월세가,양천구 신정동에 있는 2011년에 지어진 이펜하우스1단지 아파트은/는 8층 84.51m²(임대면적) 기준으로 보증금 21229만원 임대료는 0만원에 전세로 거래되었습니다.,양천구 신정동에 있는 2011년에 지어진 이펜하우스1단지 아파트은/는 8층 84.51m²(임대면적) 기준으로 보증금 21229만원 임대료는 0만원에 전세로 거래되었습니다.
전월세가,성동구 성수동2가에 있는 2017년에 지어진 (299-134) 오피스텔은/는 6층 39.78m²(임대면적) 기준으로 보증금 26985만원 임대료는 0만원에 전세로 거래되었습니다.,성동구 성수동2가에 있는 2017년에 지어진 (299-134) 오피스텔은/는 6층 39.78m²(임대면적) 기준으로 보증금 26985만원 임대료는 0만원에 전세로 거래되었습니다.
전월세가,광진구 구의동에 있는 1995년에 지어진  단독다가구은/는 0층 18.0m²(임대면적) 기준으로 보증금 500만원 임대료는 35만원에 월세로 거래되었습니다.,광진구 구의동에 있는 1995년에 지어진  단독다가구은/는 0층 18.0m²(임대면적) 기준으로 보증금 500만원 임대료는 35만원에 월세로 거래되었습니다.
전월세가,서초구 반포동에 있는 1984년에 지어진 강남원효성빌라 연립다세대은/는 1층 174.78m²(임대면적) 기준으로 보증금 114000만원 임대료는 0만원에 전세로 거래되었습니다.,서초구 반포동에 있는 1984년에 지어진 강남원효성빌라 연립다세대은/는 1층 174.78m²(임대면적) 기준으로 보증금 114000만원 임대료는 0만원에 전세로 거래되었습니다.
전월세가,광진구 자양동에 있는 1991년에 지어진  단독다가구은/는 0층 16.55m²(임대면적) 기준으로 보증금 500만원 임대료는 30만원에 월세로 거래되었습니다.,광진구 자양동에 있는 1991년에 지어진  단독다가구은/는 0층 16.55m²(임대면적) 기준으로 보증금 500만원 임대료는 30만원에 월세로 거래되었습니다.
전월세가,강동구 상일동에 있는 2021년에 지어진 강동리엔파크14단지 아파트은/는 9층 36.87m²(임대면적) 기준으로 보증금 11141만원 임대료는 17만원에 월세로 거래되었습니다.,강동구 상일동에 있는 2021년에 지어진 강동리엔파크14단지 아파트은/는 9층 36.87m²(임대면적) 기준으로 보증금 11141만원 임대료는 17만원에 월세로 거래되었습니다.
전월세가,강남구 수서동에 있는 1992년에 지어진 신동아 아파트은/는 11층 49.96m²(임대면적) 기준으로 보증금 35000만원 임대료는 0만원에 전세로 거래되었습니다.,강남구 수서동에 있는 1992년에 지어진 신동아 아파트은/는 11층 49.96m²(임대면적) 기준으로 보증금 35000만원 임대료는 0만원에 전세로 거래되었습니다.
전월세가,관악구 봉천동에 있는 2019년에 지어진 관전 G타워 오피스텔은/는 8층 19.76m²(임대면적) 기준으로 보증금 17000만원 임대료는 4만원에 월세로 거래되었습니다.,관악구 봉천동에 있는 2019년에 지어진 관전 G타워 오피스텔은/는 8층 19.76m²(임대면적) 기준으로 보증금 17000만원 임대료는 4만원에 월세로 거래되었습니다.
전월세가,관악구 신림동에 있는 2023년에 지어진  단독다가구은/는 0층 18.0m²(임대면적) 기준으로 보증금 12000만원 임대료는 0만원에 전세로 거래되었습니다.,관악구 신림동에 있는 2023년에 지어진  단독다가구은/는 0층 18.0m²(임대면적) 기준으로 보증금 12000만원 임대료는 0만원에 전세로 거래되었습니다.
전월세가,종로구 내수동에 있는 2004년에 지어진 광화문시대 오피스텔은/는 18층 30.08m²(임대면적) 기준으로 보증금 1000만원 임대료는 79만원에 월세로 거래되었습니다.,종로구 내수동에 있는 2004년에 지어진 광화문시대 오피스텔은/는 18층 30.08m²(임대면적) 기준으로 보증금 1000만원 임대료는 79만원에 월세로 거래되었습니다.
전월세가,"강남구 압구정동에 있는 1977년에 지어진 현대5차(71,72동) 아파트은/는 6층 82.23m²(임대면적) 기준으로 보증금 74000만원 임대료는 0만원에 전세로 거래되었습니다.","강남구 압구정동에 있는 1977년에 지어진 현대5차(71,72동) 아파트은/는 6층 82.23m²(임대면적) 기준으로 보증금 74000만원 임대료는 0만원에 전세로 거래되었습니다."
전월세가,마포구 도화동에 있는 2015년에 지어진 나눔빌딩 오피스텔은/는 18층 25.56m²(임대면적) 기준으로 보증금 1000만원 임대료는 85만원에 월세로 거래되었습니다.,마포구 도화동에 있는 2015년에 지어진 나눔빌딩 오피스텔은/는 18층 25.56m²(임대면적) 기준으로 보증금 1000만원 임대료는 85만원에 월세로 거래되었습니다.
전월세가,성북구 정릉동에 있는 2008년에 지어진 정릉2차대주피오레 아파트은/는 4층 84.98m²(임대면적) 기준으로 보증금 37000만원 임대료는 0만원에 전세로 거래되었습니다.,성북구 정릉동에 있는 2008년에 지어진 정릉2차대주피오레 아파트은/는 4층 84.98m²(임대면적) 기준으로 보증금 37000만원 임대료는 0만원에 전세로 거래되었습니다.
전월세가,강서구 공항동에 있는 2009년에 지어진 공항동부센트레빌 아파트은/는 7층 84.99m²(임대면적) 기준으로 보증금 53000만원 임대료는 0만원에 전세로 거래되었습니다.,강서구 공항동에 있는 2009년에 지어진 공항동부센트레빌 아파트은/는 7층 84.99m²(임대면적) 기준으로 보증금 53000만원 임대료는 0만원에 전세로 거래되었습니다.
전월세가,강북구 수유동에 있는 2021년에 지어진 에피소드수유838 아파트은/는 6층 17.54m²(임대면적) 기준으로 보증금 1000만원 임대료는 74만원에 월세로 거래되었습니다.,강북구 수유동에 있는 2021년에 지어진 에피소드수유838 아파트은/는 6층 17.54m²(임대면적) 기준으로 보증금 1000만원 임대료는 74만원에 월세로 거래되었습니다.
전월세가,성북구 길음동에 있는 2010년에 지어진 길음뉴타운9단지(래미안) 아파트은/는 15층 84.78m²(임대면적) 기준으로 보증금 60000만원 임대료는 0만원에 전세로 거래되었습니다.,성북구 길음동에 있는 2010년에 지어진 길음뉴타운9단지(래미안) 아파트은/는 15층 84.78m²(임대면적) 기준으로 보증금 60000만원 임대료는 0만원에 전세로 거래되었습니다.
전월세가,노원구 상계동에 있는 1993년에 지어진  단독다가구은/는 0층 25.0m²(임대면적) 기준으로 보증금 500만원 임대료는 25만원에 월세로 거래되었습니다.,노원구 상계동에 있는 1993년에 지어진  단독다가구은/는 0층 25.0m²(임대면적) 기준으로 보증금 500만원 임대료는 25만원에 월세로 거래되었습니다.
전월세가,용산구 한강로1가에 있는 2016년에 지어진 (216-15) 연립다세대은/는 2층 14.52m²(임대면적) 기준으로 보증금 16000만원 임대료는 0만원에 전세로 거래되었습니다.,용산구 한강로1가에 있는 2016년에 지어진 (216-15) 연립다세대은/는 2층 14.52m²(임대면적) 기준으로 보증금 16000만원 임대료는 0만원에 전세로 거래되었습니다.
전월세가,강서구 화곡동에 있는 2015년에 지어진 현대블루밍 연립다세대은/는 5층 37.49m²(임대면적) 기준으로 보증금 20000만원 임대료는 0만원에 전세로 거래되었습니다.,강서구 화곡동에 있는 2015년에 지어진 현대블루밍 연립다세대은/는 5층 37.49m²(임대면적) 기준으로 보증금 20000만원 임대료는 0만원에 전세로 거래되었습니다.
전월세가,관악구 봉천동에 있는 2019년에 지어진 관전G타워 아파트은/는 18층 29.71m²(임대면적) 기준으로 보증금 17000만원 임대료는 45만원에 월세로 거래되었습니다.,관악구 봉천동에 있는 2019년에 지어진 관전G타워 아파트은/는 18층 29.71m²(임대면적) 기준으로 보증금 17000만원 임대료는 45만원에 월세로 거래되었습니다.
전월세가,용산구 문배동에 있는 2013년에 지어진 용산큐브 아파트은/는 19층 13.01m²(임대면적) 기준으로 보증금 18700만원 임대료는 0만원에 전세로 거래되었습니다.,용산구 문배동에 있는 2013년에 지어진 용산큐브 아파트은/는 19층 13.01m²(임대면적) 기준으로 보증금 18700만원 임대료는 0만원에 전세로 거래되었습니다.
전월세가,서초구 양재동에 있는 2017년에 지어진 공간5차 연립다세대은/는 3층 29.11m²(임대면적) 기준으로 보증금 27000만원 임대료는 0만원에 전세로 거래되었습니다.,서초구 양재동에 있는 2017년에 지어진 공간5차 연립다세대은/는 3층 29.11m²(임대면적) 기준으로 보증금 27000만원 임대료는 0만원에 전세로 거래되었습니다.
전월세가,노원구 월계동에 있는 2020년에 지어진 월계센트럴아이파크 아파트은/는 16층 84.99m²(임대면적) 기준으로 보증금 54000만원 임대료는 0만원에 전세로 거래되었습니다.,노원구 월계동에 있는 2020년에 지어진 월계센트럴아이파크 아파트은/는 16층 84.99m²(임대면적) 기준으로 보증금 54000만원 임대료는 0만원에 전세로 거래되었습니다.
전월세가,성북구 길음동에 있는 2006년에 지어진 길음뉴타운5단지(래미안) 아파트은/는 9층 84.96m²(임대면적) 기준으로 보증금 60000만원 임대료는 0만원에 전세로 거래되었습니다.,성북구 길음동에 있는 2006년에 지어진 길음뉴타운5단지(래미안) 아파트은/는 9층 84.96m²(임대면적) 기준으로 보증금 60000만원 임대료는 0만원에 전세로 거래되었습니다.
전월세가,성북구 정릉동에 있는 2005년에 지어진 정릉풍림아이원 아파트은/는 10층 59.88m²(임대면적) 기준으로 보증금 10000만원 임대료는 90만원에 월세로 거래되었습니다.,성북구 정릉동에 있는 2005년에 지어진 정릉풍림아이원 아파트은/는 10층 59.88m²(임대면적) 기준으로 보증금 10000만원 임대료는 90만원에 월세로 거래되었습니다.
전월세가,강동구 암사동에 있는 2019년에 지어진 489해마루 연립다세대은/는 3층 14.4m²(임대면적) 기준으로 보증금 13000만원 임대료는 0만원에 전세로 거래되었습니다.,강동구 암사동에 있는 2019년에 지어진 489해마루 연립다세대은/는 3층 14.4m²(임대면적) 기준으로 보증금 13000만원 임대료는 0만원에 전세로 거래되었습니다.
전월세가,강동구 암사동에 있는 2003년에 지어진 아이리스빌 연립다세대은/는 3층 46.69m²(임대면적) 기준으로 보증금 20450만원 임대료는 0만원에 전세로 거래되었습니다.,강동구 암사동에 있는 2003년에 지어진 아이리스빌 연립다세대은/는 3층 46.69m²(임대면적) 기준으로 보증금 20450만원 임대료는 0만원에 전세로 거래되었습니다.
전월세가,강서구 가양동에 있는 1992년에 지어진 가양2단지(성지) 아파트은/는 1층 34.44m²(임대면적) 기준으로 보증금 19000만원 임대료는 0만원에 전세로 거래되었습니다.,강서구 가양동에 있는 1992년에 지어진 가양2단지(성지) 아파트은/는 1층 34.44m²(임대면적) 기준으로 보증금 19000만원 임대료는 0만원에 전세로 거래되었습니다.
전월세가,노원구 월계동에 있는 2020년에 지어진 월계센트럴아이파크 아파트은/는 19층 84.99m²(임대면적) 기준으로 보증금 51000만원 임대료는 0만원에 전세로 거래되었습니다.,노원구 월계동에 있는 2020년에 지어진 월계센트럴아이파크 아파트은/는 19층 84.99m²(임대면적) 기준으로 보증금 51000만원 임대료는 0만원에 전세로 거래되었습니다.
전월세가,노원구 중계동에 있는 1995년에 지어진 건영3 아파트은/는 6층 84.9m²(임대면적) 기준으로 보증금 80000만원 임대료는 0만원에 전세로 거래되었습니다.,노원구 중계동에 있는 1995년에 지어진 건영3 아파트은/는 6층 84.9m²(임대면적) 기준으로 보증금 80000만원 임대료는 0만원에 전세로 거래되었습니다.
전월세가,성북구 종암동에 있는 2011년에 지어진 야베스원 연립다세대은/는 2층 14.74m²(임대면적) 기준으로 보증금 1000만원 임대료는 45만원에 월세로 거래되었습니다.,성북구 종암동에 있는 2011년에 지어진 야베스원 연립다세대은/는 2층 14.74m²(임대면적) 기준으로 보증금 1000만원 임대료는 45만원에 월세로 거래되었습니다.
전월세가,강동구 강일동에 있는 2009년에 지어진 강일리버파크10단지 아파트은/는 10층 59.86m²(임대면적) 기준으로 보증금 8117만원 임대료는 12만원에 월세로 거래되었습니다.,강동구 강일동에 있는 2009년에 지어진 강일리버파크10단지 아파트은/는 10층 59.86m²(임대면적) 기준으로 보증금 8117만원 임대료는 12만원에 월세로 거래되었습니다.
전월세가,강동구 길동에 있는 2012년에 지어진 현대웰하임(201동) 아파트은/는 4층 14.47m²(임대면적) 기준으로 보증금 500만원 임대료는 45만원에 월세로 거래되었습니다.,강동구 길동에 있는 2012년에 지어진 현대웰하임(201동) 아파트은/는 4층 14.47m²(임대면적) 기준으로 보증금 500만원 임대료는 45만원에 월세로 거래되었습니다.
전월세가,영등포구 신길동에 있는 2020년에 지어진 검지스캐슬 오피스텔은/는 12층 15.91m²(임대면적) 기준으로 보증금 19500만원 임대료는 0만원에 전세로 거래되었습니다.,영등포구 신길동에 있는 2020년에 지어진 검지스캐슬 오피스텔은/는 12층 15.91m²(임대면적) 기준으로 보증금 19500만원 임대료는 0만원에 전세로 거래되었습니다.
전월세가,양천구 신정동에 있는 1999년에 지어진 신트리1 아파트은/는 10층 59.42m²(임대면적) 기준으로 보증금 15000만원 임대료는 55만원에 월세로 거래되었습니다.,양천구 신정동에 있는 1999년에 지어진 신트리1 아파트은/는 10층 59.42m²(임대면적) 기준으로 보증금 15000만원 임대료는 55만원에 월세로 거래되었습니다.
전월세가,송파구 송파동에 있는 1984년에 지어진 2차한양아파트 아파트은/는 12층 146.96m²(임대면적) 기준으로 보증금 68000만원 임대료는 0만원에 전세로 거래되었습니다.,송파구 송파동에 있는 1984년에 지어진 2차한양아파트 아파트은/는 12층 146.96m²(임대면적) 기준으로 보증금 68000만원 임대료는 0만원에 전세로 거래되었습니다.
전월세가,송파구 잠실동에 있는 1978년에 지어진 주공아파트 5단지 아파트은/는 6층 82.51m²(임대면적) 기준으로 보증금 30000만원 임대료는 55만원에 월세로 거래되었습니다.,송파구 잠실동에 있는 1978년에 지어진 주공아파트 5단지 아파트은/는 6층 82.51m²(임대면적) 기준으로 보증금 30000만원 임대료는 55만원에 월세로 거래되었습니다.
전월세가,영등포구 문래동1가에 있는 2023년에 지어진 2030센터뷰 연립다세대은/는 8층 26.95m²(임대면적) 기준으로 보증금 28000만원 임대료는 0만원에 전세로 거래되었습니다.,영등포구 문래동1가에 있는 2023년에 지어진 2030센터뷰 연립다세대은/는 8층 26.95m²(임대면적) 기준으로 보증금 28000만원 임대료는 0만원에 전세로 거래되었습니다.
전월세가,성북구 성북동1가에 있는 2002년에 지어진 정승빌리지 연립다세대은/는 5층 43.08m²(임대면적) 기준으로 보증금 18000만원 임대료는 18만원에 월세로 거래되었습니다.,성북구 성북동1가에 있는 2002년에 지어진 정승빌리지 연립다세대은/는 5층 43.08m²(임대면적) 기준으로 보증금 18000만원 임대료는 18만원에 월세로 거래되었습니다.
전월세가,서대문구 북가좌동에 있는 1987년에 지어진 DMC한양 아파트은/는 1층 65.34m²(임대면적) 기준으로 보증금 27000만원 임대료는 0만원에 전세로 거래되었습니다.,서대문구 북가좌동에 있는 1987년에 지어진 DMC한양 아파트은/는 1층 65.34m²(임대면적) 기준으로 보증금 27000만원 임대료는 0만원에 전세로 거래되었습니다.
전월세가,강서구 화곡동에 있는 2013년에 지어진 프라임하우스(916-9) 아파트은/는 8층 34.32m²(임대면적) 기준으로 보증금 15750만원 임대료는 0만원에 전세로 거래되었습니다.,강서구 화곡동에 있는 2013년에 지어진 프라임하우스(916-9) 아파트은/는 8층 34.32m²(임대면적) 기준으로 보증금 15750만원 임대료는 0만원에 전세로 거래되었습니다.
전월세가,서대문구 남가좌동에 있는 2018년에 지어진 DMC센트럴아이파크 아파트은/는 4층 84.98m²(임대면적) 기준으로 보증금 50000만원 임대료는 30만원에 월세로 거래되었습니다.,서대문구 남가좌동에 있는 2018년에 지어진 DMC센트럴아이파크 아파트은/는 4층 84.98m²(임대면적) 기준으로 보증금 50000만원 임대료는 30만원에 월세로 거래되었습니다.
전월세가,관악구 신림동에 있는 1989년에 지어진  단독다가구은/는 0층 18.0m²(임대면적) 기준으로 보증금 300만원 임대료는 20만원에 월세로 거래되었습니다.,관악구 신림동에 있는 1989년에 지어진  단독다가구은/는 0층 18.0m²(임대면적) 기준으로 보증금 300만원 임대료는 20만원에 월세로 거래되었습니다.
전월세가,관악구 봉천동에 있는 2003년에 지어진 관악드림(동아) 아파트은/는 13층 60.0m²(임대면적) 기준으로 보증금 13000만원 임대료는 145만원에 월세로 거래되었습니다.,관악구 봉천동에 있는 2003년에 지어진 관악드림(동아) 아파트은/는 13층 60.0m²(임대면적) 기준으로 보증금 13000만원 임대료는 145만원에 월세로 거래되었습니다.
전월세가,송파구 석촌동에 있는 2002년에 지어진 아트하우스 연립다세대은/는 2층 42.12m²(임대면적) 기준으로 보증금 20800만원 임대료는 0만원에 전세로 거래되었습니다.,송파구 석촌동에 있는 2002년에 지어진 아트하우스 연립다세대은/는 2층 42.12m²(임대면적) 기준으로 보증금 20800만원 임대료는 0만원에 전세로 거래되었습니다.
전월세가,도봉구 쌍문동에 있는 1991년에 지어진 금호2 아파트은/는 14층 69.82m²(임대면적) 기준으로 보증금 33000만원 임대료는 0만원에 전세로 거래되었습니다.,도봉구 쌍문동에 있는 1991년에 지어진 금호2 아파트은/는 14층 69.82m²(임대면적) 기준으로 보증금 33000만원 임대료는 0만원에 전세로 거래되었습니다.
전월세가,영등포구 영등포동1가에 있는 2017년에 지어진 아테네 연립다세대은/는 6층 29.94m²(임대면적) 기준으로 보증금 23600만원 임대료는 7만원에 월세로 거래되었습니다.,영등포구 영등포동1가에 있는 2017년에 지어진 아테네 연립다세대은/는 6층 29.94m²(임대면적) 기준으로 보증금 23600만원 임대료는 7만원에 월세로 거래되었습니다.
전월세가,강북구 번동에 있는 1992년에 지어진 광신주택(148-266) 연립다세대은/는 2층 31.47m²(임대면적) 기준으로 보증금 10000만원 임대료는 0만원에 전세로 거래되었습니다.,강북구 번동에 있는 1992년에 지어진 광신주택(148-266) 연립다세대은/는 2층 31.47m²(임대면적) 기준으로 보증금 10000만원 임대료는 0만원에 전세로 거래되었습니다.
전월세가,서초구 잠원동에 있는 1978년에 지어진 신반포2 아파트은/는 7층 93.71m²(임대면적) 기준으로 보증금 20000만원 임대료는 150만원에 월세로 거래되었습니다.,서초구 잠원동에 있는 1978년에 지어진 신반포2 아파트은/는 7층 93.71m²(임대면적) 기준으로 보증금 20000만원 임대료는 150만원에 월세로 거래되었습니다.
전월세가,성북구 길음동에 있는 2005년에 지어진 길음뉴타운4단지(e편한세상) 아파트은/는 19층 59.86m²(임대면적) 기준으로 보증금 15000만원 임대료는 80만원에 월세로 거래되었습니다.,성북구 길음동에 있는 2005년에 지어진 길음뉴타운4단지(e편한세상) 아파트은/는 19층 59.86m²(임대면적) 기준으로 보증금 15000만원 임대료는 80만원에 월세로 거래되었습니다.
전월세가,송파구 잠실동에 있는 1978년에 지어진 주공아파트 5단지 아파트은/는 1층 76.5m²(임대면적) 기준으로 보증금 5000만원 임대료는 150만원에 월세로 거래되었습니다.,송파구 잠실동에 있는 1978년에 지어진 주공아파트 5단지 아파트은/는 1층 76.5m²(임대면적) 기준으로 보증금 5000만원 임대료는 150만원에 월세로 거래되었습니다.
전월세가,동대문구 장안동에 있는 2023년에 지어진 경일타워 오피스텔은/는 11층 28.27m²(임대면적) 기준으로 보증금 22000만원 임대료는 0만원에 전세로 거래되었습니다.,동대문구 장안동에 있는 2023년에 지어진 경일타워 오피스텔은/는 11층 28.27m²(임대면적) 기준으로 보증금 22000만원 임대료는 0만원에 전세로 거래되었습니다.
전월세가,송파구 석촌동에 있는 2002년에 지어진 정원 연립다세대은/는 2층 41.51m²(임대면적) 기준으로 보증금 19845만원 임대료는 0만원에 전세로 거래되었습니다.,송파구 석촌동에 있는 2002년에 지어진 정원 연립다세대은/는 2층 41.51m²(임대면적) 기준으로 보증금 19845만원 임대료는 0만원에 전세로 거래되었습니다.
전월세가,노원구 공릉동에 있는 2000년에 지어진 공릉동한보에센시티아파트 아파트은/는 12층 84.93m²(임대면적) 기준으로 보증금 42000만원 임대료는 0만원에 전세로 거래되었습니다.,노원구 공릉동에 있는 2000년에 지어진 공릉동한보에센시티아파트 아파트은/는 12층 84.93m²(임대면적) 기준으로 보증금 42000만원 임대료는 0만원에 전세로 거래되었습니다.
전월세가,강서구 화곡동에 있는 2002년에 지어진 정원 아파트은/는 5층 52.65m²(임대면적) 기준으로 보증금 15000만원 임대료는 0만원에 전세로 거래되었습니다.,강서구 화곡동에 있는 2002년에 지어진 정원 아파트은/는 5층 52.65m²(임대면적) 기준으로 보증금 15000만원 임대료는 0만원에 전세로 거래되었습니다.
전월세가,강동구 천호동에 있는 2005년에 지어진 골드하임(101동) 아파트은/는 7층 74.25m²(임대면적) 기준으로 보증금 37400만원 임대료는 0만원에 전세로 거래되었습니다.,강동구 천호동에 있는 2005년에 지어진 골드하임(101동) 아파트은/는 7층 74.25m²(임대면적) 기준으로 보증금 37400만원 임대료는 0만원에 전세로 거래되었습니다.
전월세가,노원구 하계동에 있는 2001년에 지어진 학여울청구117동(355) 아파트은/는 12층 32.76m²(임대면적) 기준으로 보증금 3156만원 임대료는 0만원에 전세로 거래되었습니다.,노원구 하계동에 있는 2001년에 지어진 학여울청구117동(355) 아파트은/는 12층 32.76m²(임대면적) 기준으로 보증금 3156만원 임대료는 0만원에 전세로 거래되었습니다.
전월세가,성북구 길음동에 있는 2005년에 지어진 길음뉴타운3단지푸르지오 아파트은/는 4층 84.97m²(임대면적) 기준으로 보증금 55000만원 임대료는 0만원에 전세로 거래되었습니다.,성북구 길음동에 있는 2005년에 지어진 길음뉴타운3단지푸르지오 아파트은/는 4층 84.97m²(임대면적) 기준으로 보증금 55000만원 임대료는 0만원에 전세로 거래되었습니다.
전월세가,송파구 잠실동에 있는 1978년에 지어진 주공아파트 5단지 아파트은/는 5층 76.5m²(임대면적) 기준으로 보증금 21000만원 임대료는 60만원에 월세로 거래되었습니다.,송파구 잠실동에 있는 1978년에 지어진 주공아파트 5단지 아파트은/는 5층 76.5m²(임대면적) 기준으로 보증금 21000만원 임대료는 60만원에 월세로 거래되었습니다.
전월세가,노원구 공릉동에 있는 1999년에 지어진 공릉아파트 아파트은/는 3층 33.18m²(임대면적) 기준으로 보증금 2781만원 임대료는 7만원에 월세로 거래되었습니다.,노원구 공릉동에 있는 1999년에 지어진 공릉아파트 아파트은/는 3층 33.18m²(임대면적) 기준으로 보증금 2781만원 임대료는 7만원에 월세로 거래되었습니다.
전월세가,구로구 천왕동에 있는 2011년에 지어진 천왕이펜하우스3단지 아파트은/는 9층 59.95m²(임대면적) 기준으로 보증금 8827만원 임대료는 14만원에 월세로 거래되었습니다.,구로구 천왕동에 있는 2011년에 지어진 천왕이펜하우스3단지 아파트은/는 9층 59.95m²(임대면적) 기준으로 보증금 8827만원 임대료는 14만원에 월세로 거래되었습니다.
전월세가,강동구 강일동에 있는 2009년에 지어진 강일리버파크9단지 아파트은/는 9층 59.87m²(임대면적) 기준으로 보증금 8323만원 임대료는 12만원에 월세로 거래되었습니다.,강동구 강일동에 있는 2009년에 지어진 강일리버파크9단지 아파트은/는 9층 59.87m²(임대면적) 기준으로 보증금 8323만원 임대료는 12만원에 월세로 거래되었습니다.
전월세가,구로구 개봉동에 있는 2023년에 지어진 에코그로브빌리지10차201동 연립다세대은/는 3층 29.91m²(임대면적) 기준으로 보증금 25000만원 임대료는 0만원에 전세로 거래되었습니다.,구로구 개봉동에 있는 2023년에 지어진 에코그로브빌리지10차201동 연립다세대은/는 3층 29.91m²(임대면적) 기준으로 보증금 25000만원 임대료는 0만원에 전세로 거래되었습니다.
전월세가,강동구 천호동에 있는 2020년에 지어진 jkhouse 연립다세대은/는 4층 56.22m²(임대면적) 기준으로 보증금 2274만원 임대료는 56만원에 월세로 거래되었습니다.,강동구 천호동에 있는 2020년에 지어진 jkhouse 연립다세대은/는 4층 56.22m²(임대면적) 기준으로 보증금 2274만원 임대료는 56만원에 월세로 거래되었습니다.
전월세가,금천구 시흥동에 있는 2002년에 지어진 쉼터빌리지나동 연립다세대은/는 2층 57.37m²(임대면적) 기준으로 보증금 16000만원 임대료는 0만원에 전세로 거래되었습니다.,금천구 시흥동에 있는 2002년에 지어진 쉼터빌리지나동 연립다세대은/는 2층 57.37m²(임대면적) 기준으로 보증금 16000만원 임대료는 0만원에 전세로 거래되었습니다.
전월세가,관악구 봉천동에 있는 2003년에 지어진 관악드림타운(임대) 아파트은/는 10층 32.76m²(임대면적) 기준으로 보증금 3949만원 임대료는 0만원에 전세로 거래되었습니다.,관악구 봉천동에 있는 2003년에 지어진 관악드림타운(임대) 아파트은/는 10층 32.76m²(임대면적) 기준으로 보증금 3949만원 임대료는 0만원에 전세로 거래되었습니다.
전월세가,마포구 도화동에 있는 2000년에 지어진 현대홈타운 아파트은/는 3층 84.95m²(임대면적) 기준으로 보증금 62500만원 임대료는 0만원에 전세로 거래되었습니다.,마포구 도화동에 있는 2000년에 지어진 현대홈타운 아파트은/는 3층 84.95m²(임대면적) 기준으로 보증금 62500만원 임대료는 0만원에 전세로 거래되었습니다.
전월세가,송파구 풍납동에 있는 1987년에 지어진 극동 아파트은/는 6층 58.11m²(임대면적) 기준으로 보증금 37000만원 임대료는 20만원에 월세로 거래되었습니다.,송파구 풍납동에 있는 1987년에 지어진 극동 아파트은/는 6층 58.11m²(임대면적) 기준으로 보증금 37000만원 임대료는 20만원에 월세로 거래되었습니다.
전월세가,중구 황학동에 있는 2014년에 지어진 황학동 복합시설(DUO302) 오피스텔은/는 14층 23.06m²(임대면적) 기준으로 보증금 16000만원 임대료는 0만원에 전세로 거래되었습니다.,중구 황학동에 있는 2014년에 지어진 황학동 복합시설(DUO302) 오피스텔은/는 14층 23.06m²(임대면적) 기준으로 보증금 16000만원 임대료는 0만원에 전세로 거래되었습니다.
전월세가,은평구 대조동에 있는 2023년에 지어진 고도하우스 연립다세대은/는 2층 45.96m²(임대면적) 기준으로 보증금 2000만원 임대료는 125만원에 월세로 거래되었습니다.,은평구 대조동에 있는 2023년에 지어진 고도하우스 연립다세대은/는 2층 45.96m²(임대면적) 기준으로 보증금 2000만원 임대료는 125만원에 월세로 거래되었습니다.
전월세가,관악구 남현동에 있는 2012년에 지어진  단독다가구은/는 0층 18.0m²(임대면적) 기준으로 보증금 500만원 임대료는 40만원에 월세로 거래되었습니다.,관악구 남현동에 있는 2012년에 지어진  단독다가구은/는 0층 18.0m²(임대면적) 기준으로 보증금 500만원 임대료는 40만원에 월세로 거래되었습니다.
전월세가,종로구 사직동에 있는 2008년에 지어진 광화문스페이스본(106동) 아파트은/는 5층 144.52m²(임대면적) 기준으로 보증금 130000만원 임대료는 0만원에 전세로 거래되었습니다.,종로구 사직동에 있는 2008년에 지어진 광화문스페이스본(106동) 아파트은/는 5층 144.52m²(임대면적) 기준으로 보증금 130000만원 임대료는 0만원에 전세로 거래되었습니다.
전월세가,강서구 화곡동에 있는 2008년에 지어진 황제그랜드파크 연립다세대은/는 4층 40.92m²(임대면적) 기준으로 보증금 14000만원 임대료는 0만원에 전세로 거래되었습니다.,강서구 화곡동에 있는 2008년에 지어진 황제그랜드파크 연립다세대은/는 4층 40.92m²(임대면적) 기준으로 보증금 14000만원 임대료는 0만원에 전세로 거래되었습니다.
전월세가,성북구 길음동에 있는 2005년에 지어진 길음뉴타운2단지푸르지오 아파트은/는 3층 84.97m²(임대면적) 기준으로 보증금 10000만원 임대료는 97만원에 월세로 거래되었습니다.,성북구 길음동에 있는 2005년에 지어진 길음뉴타운2단지푸르지오 아파트은/는 3층 84.97m²(임대면적) 기준으로 보증금 10000만원 임대료는 97만원에 월세로 거래되었습니다.
전월세가,은평구 역촌동에 있는 1993년에 지어진 신도가든빌라 연립다세대은/는 1층 37.74m²(임대면적) 기준으로 보증금 12600만원 임대료는 0만원에 전세로 거래되었습니다.,은평구 역촌동에 있는 1993년에 지어진 신도가든빌라 연립다세대은/는 1층 37.74m²(임대면적) 기준으로 보증금 12600만원 임대료는 0만원에 전세로 거래되었습니다.
전월세가,강동구 상일동에 있는 2021년에 지어진 고덕자이 아파트은/는 11층 59.94m²(임대면적) 기준으로 보증금 63000만원 임대료는 0만원에 전세로 거래되었습니다.,강동구 상일동에 있는 2021년에 지어진 고덕자이 아파트은/는 11층 59.94m²(임대면적) 기준으로 보증금 63000만원 임대료는 0만원에 전세로 거래되었습니다.
전월세가,강남구 역삼동에 있는 2005년에 지어진 역삼래미안 아파트은/는 21층 59.4m²(임대면적) 기준으로 보증금 20000만원 임대료는 280만원에 월세로 거래되었습니다.,강남구 역삼동에 있는 2005년에 지어진 역삼래미안 아파트은/는 21층 59.4m²(임대면적) 기준으로 보증금 20000만원 임대료는 280만원에 월세로 거래되었습니다.
전월세가,강동구 강일동에 있는 2009년에 지어진 강일리버파크9단지 아파트은/는 4층 59.87m²(임대면적) 기준으로 보증금 8323만원 임대료는 12만원에 월세로 거래되었습니다.,강동구 강일동에 있는 2009년에 지어진 강일리버파크9단지 아파트은/는 4층 59.87m²(임대면적) 기준으로 보증금 8323만원 임대료는 12만원에 월세로 거래되었습니다.
전월세가,중랑구 상봉동에 있는 2016년에 지어진 황금하이츠 연립다세대은/는 5층 41.05m²(임대면적) 기준으로 보증금 9500만원 임대료는 30만원에 월세로 거래되었습니다.,중랑구 상봉동에 있는 2016년에 지어진 황금하이츠 연립다세대은/는 5층 41.05m²(임대면적) 기준으로 보증금 9500만원 임대료는 30만원에 월세로 거래되었습니다.
전월세가,강남구 개포동에 있는 1983년에 지어진 개포주공7단지 아파트은/는 13층 83.7m²(임대면적) 기준으로 보증금 56000만원 임대료는 0만원에 전세로 거래되었습니다.,강남구 개포동에 있는 1983년에 지어진 개포주공7단지 아파트은/는 13층 83.7m²(임대면적) 기준으로 보증금 56000만원 임대료는 0만원에 전세로 거래되었습니다.
전월세가,중랑구 상봉동에 있는 2017년에 지어진 황금하우스 연립다세대은/는 3층 35.54m²(임대면적) 기준으로 보증금 22000만원 임대료는 0만원에 전세로 거래되었습니다.,중랑구 상봉동에 있는 2017년에 지어진 황금하우스 연립다세대은/는 3층 35.54m²(임대면적) 기준으로 보증금 22000만원 임대료는 0만원에 전세로 거래되었습니다.
전월세가,강동구 상일동에 있는 2021년에 지어진 고덕자이 아파트은/는 11층 59.94m²(임대면적) 기준으로 보증금 63000만원 임대료는 0만원에 전세로 거래되었습니다.,강동구 상일동에 있는 2021년에 지어진 고덕자이 아파트은/는 11층 59.94m²(임대면적) 기준으로 보증금 63000만원 임대료는 0만원에 전세로 거래되었습니다.
전월세가,강서구 화곡동에 있는 2012년에 지어진 아델리아Ⅳ 아파트은/는 4층 17.73m²(임대면적) 기준으로 보증금 14000만원 임대료는 0만원에 전세로 거래되었습니다.,강서구 화곡동에 있는 2012년에 지어진 아델리아Ⅳ 아파트은/는 4층 17.73m²(임대면적) 기준으로 보증금 14000만원 임대료는 0만원에 전세로 거래되었습니다.
전월세가,용산구 이태원동에 있는 2012년에 지어진 (227-23) 연립다세대은/는 1층 28.94m²(임대면적) 기준으로 보증금 8000만원 임대료는 0만원에 전세로 거래되었습니다.,용산구 이태원동에 있는 2012년에 지어진 (227-23) 연립다세대은/는 1층 28.94m²(임대면적) 기준으로 보증금 8000만원 임대료는 0만원에 전세로 거래되었습니다.
전월세가,강남구 개포동에 있는 2019년에 지어진 아택서원빌딩 연립다세대은/는 4층 29.82m²(임대면적) 기준으로 보증금 21000만원 임대료는 0만원에 전세로 거래되었습니다.,강남구 개포동에 있는 2019년에 지어진 아택서원빌딩 연립다세대은/는 4층 29.82m²(임대면적) 기준으로 보증금 21000만원 임대료는 0만원에 전세로 거래되었습니다.
전월세가,중랑구 망우동에 있는 2022년에 지어진 LH서울양원1단지 아파트은/는 8층 14.96m²(임대면적) 기준으로 보증금 3128만원 임대료는 7만원에 월세로 거래되었습니다.,중랑구 망우동에 있는 2022년에 지어진 LH서울양원1단지 아파트은/는 8층 14.96m²(임대면적) 기준으로 보증금 3128만원 임대료는 7만원에 월세로 거래되었습니다.
전월세가,강서구 가양동에 있는 2002년에 지어진 제이드아트빌 연립다세대은/는 3층 72.99m²(임대면적) 기준으로 보증금 10000만원 임대료는 50만원에 월세로 거래되었습니다.,강서구 가양동에 있는 2002년에 지어진 제이드아트빌 연립다세대은/는 3층 72.99m²(임대면적) 기준으로 보증금 10000만원 임대료는 50만원에 월세로 거래되었습니다.
전월세가,성북구 장위동에 있는 2017년에 지어진 꿈의숲코오롱하늘채 아파트은/는 28층 84.71m²(임대면적) 기준으로 보증금 42000만원 임대료는 0만원에 전세로 거래되었습니다.,성북구 장위동에 있는 2017년에 지어진 꿈의숲코오롱하늘채 아파트은/는 28층 84.71m²(임대면적) 기준으로 보증금 42000만원 임대료는 0만원에 전세로 거래되었습니다.
전월세가,중구 흥인동에 있는 2014년에 지어진 청계천두산위브더제니스 아파트은/는 4층 146.97m²(임대면적) 기준으로 보증금 55700만원 임대료는 260만원에 월세로 거래되었습니다.,중구 흥인동에 있는 2014년에 지어진 청계천두산위브더제니스 아파트은/는 4층 146.97m²(임대면적) 기준으로 보증금 55700만원 임대료는 260만원에 월세로 거래되었습니다.
전월세가,강동구 강일동에 있는 2021년에 지어진 강동리버스트7단지 아파트은/는 5층 49.36m²(임대면적) 기준으로 보증금 8683만원 임대료는 13만원에 월세로 거래되었습니다.,강동구 강일동에 있는 2021년에 지어진 강동리버스트7단지 아파트은/는 5층 49.36m²(임대면적) 기준으로 보증금 8683만원 임대료는 13만원에 월세로 거래되었습니다.
전월세가,동대문구 장안동에 있는 2005년에 지어진 현대홈타운2차 아파트은/는 6층 84.97m²(임대면적) 기준으로 보증금 47000만원 임대료는 0만원에 전세로 거래되었습니다.,동대문구 장안동에 있는 2005년에 지어진 현대홈타운2차 아파트은/는 6층 84.97m²(임대면적) 기준으로 보증금 47000만원 임대료는 0만원에 전세로 거래되었습니다.
전월세가,송파구 풍납동에 있는 1987년에 지어진 극동 아파트은/는 13층 79.95m²(임대면적) 기준으로 보증금 55000만원 임대료는 0만원에 전세로 거래되었습니다.,송파구 풍납동에 있는 1987년에 지어진 극동 아파트은/는 13층 79.95m²(임대면적) 기준으로 보증금 55000만원 임대료는 0만원에 전세로 거래되었습니다.
전월세가,성동구 금호동3가에 있는 1992년에 지어진  단독다가구은/는 0층 20.0m²(임대면적) 기준으로 보증금 6500만원 임대료는 0만원에 전세로 거래되었습니다.,성동구 금호동3가에 있는 1992년에 지어진  단독다가구은/는 0층 20.0m²(임대면적) 기준으로 보증금 6500만원 임대료는 0만원에 전세로 거래되었습니다.
전월세가,강서구 등촌동에 있는 2014년에 지어진 거산하이빌(521-22) 연립다세대은/는 4층 15.44m²(임대면적) 기준으로 보증금 3000만원 임대료는 65만원에 월세로 거래되었습니다.,강서구 등촌동에 있는 2014년에 지어진 거산하이빌(521-22) 연립다세대은/는 4층 15.44m²(임대면적) 기준으로 보증금 3000만원 임대료는 65만원에 월세로 거래되었습니다.
전월세가,관악구 봉천동에 있는 2018년에 지어진  단독다가구은/는 0층 20.0m²(임대면적) 기준으로 보증금 15000만원 임대료는 0만원에 전세로 거래되었습니다.,관악구 봉천동에 있는 2018년에 지어진  단독다가구은/는 0층 20.0m²(임대면적) 기준으로 보증금 15000만원 임대료는 0만원에 전세로 거래되었습니다.
전월세가,구로구 구로동에 있는 2006년에 지어진 구로두산위브 아파트은/는 1층 36.88m²(임대면적) 기준으로 보증금 23000만원 임대료는 0만원에 전세로 거래되었습니다.,구로구 구로동에 있는 2006년에 지어진 구로두산위브 아파트은/는 1층 36.88m²(임대면적) 기준으로 보증금 23000만원 임대료는 0만원에 전세로 거래되었습니다.
전월세가,강동구 성내동에 있는 2008년에 지어진 써니사이드 연립다세대은/는 2층 29.8m²(임대면적) 기준으로 보증금 2000만원 임대료는 50만원에 월세로 거래되었습니다.,강동구 성내동에 있는 2008년에 지어진 써니사이드 연립다세대은/는 2층 29.8m²(임대면적) 기준으로 보증금 2000만원 임대료는 50만원에 월세로 거래되었습니다.
전월세가,송파구 삼전동에 있는 2005년에 지어진 (119-19) 연립다세대은/는 5층 38.97m²(임대면적) 기준으로 보증금 8000만원 임대료는 32만원에 월세로 거래되었습니다.,송파구 삼전동에 있는 2005년에 지어진 (119-19) 연립다세대은/는 5층 38.97m²(임대면적) 기준으로 보증금 8000만원 임대료는 32만원에 월세로 거래되었습니다.
전월세가,강서구 방화동에 있는 1991년에 지어진  단독다가구은/는 0층 20.0m²(임대면적) 기준으로 보증금 300만원 임대료는 25만원에 월세로 거래되었습니다.,강서구 방화동에 있는 1991년에 지어진  단독다가구은/는 0층 20.0m²(임대면적) 기준으로 보증금 300만원 임대료는 25만원에 월세로 거래되었습니다.
전월세가,영등포구 당산동1가에 있는 2023년에 지어진 나비드 연립다세대은/는 8층 23.81m²(임대면적) 기준으로 보증금 25400만원 임대료는 28만원에 월세로 거래되었습니다.,영등포구 당산동1가에 있는 2023년에 지어진 나비드 연립다세대은/는 8층 23.81m²(임대면적) 기준으로 보증금 25400만원 임대료는 28만원에 월세로 거래되었습니다.
전월세가,용산구 후암동에 있는 2021년에 지어진 아인하우스3동 연립다세대은/는 4층 16.52m²(임대면적) 기준으로 보증금 20000만원 임대료는 0만원에 전세로 거래되었습니다.,용산구 후암동에 있는 2021년에 지어진 아인하우스3동 연립다세대은/는 4층 16.52m²(임대면적) 기준으로 보증금 20000만원 임대료는 0만원에 전세로 거래되었습니다.
전월세가,용산구 원효로4가에 있는 1999년에 지어진 강변삼성스위트 아파트은/는 22층 59.94m²(임대면적) 기준으로 보증금 51800만원 임대료는 0만원에 전세로 거래되었습니다.,용산구 원효로4가에 있는 1999년에 지어진 강변삼성스위트 아파트은/는 22층 59.94m²(임대면적) 기준으로 보증금 51800만원 임대료는 0만원에 전세로 거래되었습니다.
전월세가,구로구 구로동에 있는 2004년에 지어진 유명빌딩 연립다세대은/는 6층 47.11m²(임대면적) 기준으로 보증금 17000만원 임대료는 0만원에 전세로 거래되었습니다.,구로구 구로동에 있는 2004년에 지어진 유명빌딩 연립다세대은/는 6층 47.11m²(임대면적) 기준으로 보증금 17000만원 임대료는 0만원에 전세로 거래되었습니다.
전월세가,은평구 역촌동에 있는 1998년에 지어진 거성빌라트 연립다세대은/는 4층 44.91m²(임대면적) 기준으로 보증금 2000만원 임대료는 60만원에 월세로 거래되었습니다.,은평구 역촌동에 있는 1998년에 지어진 거성빌라트 연립다세대은/는 4층 44.91m²(임대면적) 기준으로 보증금 2000만원 임대료는 60만원에 월세로 거래되었습니다.
전월세가,강동구 성내동에 있는 1999년에 지어진 코오롱(1차) 아파트은/는 3층 59.96m²(임대면적) 기준으로 보증금 45000만원 임대료는 0만원에 전세로 거래되었습니다.,강동구 성내동에 있는 1999년에 지어진 코오롱(1차) 아파트은/는 3층 59.96m²(임대면적) 기준으로 보증금 45000만원 임대료는 0만원에 전세로 거래되었습니다.
전월세가,강서구 화곡동에 있는 2015년에 지어진 강서힐스테이트 아파트은/는 6층 84.99m²(임대면적) 기준으로 보증금 73000만원 임대료는 0만원에 전세로 거래되었습니다.,강서구 화곡동에 있는 2015년에 지어진 강서힐스테이트 아파트은/는 6층 84.99m²(임대면적) 기준으로 보증금 73000만원 임대료는 0만원에 전세로 거래되었습니다.
전월세가,강남구 개포동에 있는 1988년에 지어진 아주빌라라동 연립다세대은/는 2층 42.09m²(임대면적) 기준으로 보증금 28500만원 임대료는 0만원에 전세로 거래되었습니다.,강남구 개포동에 있는 1988년에 지어진 아주빌라라동 연립다세대은/는 2층 42.09m²(임대면적) 기준으로 보증금 28500만원 임대료는 0만원에 전세로 거래되었습니다.
전월세가,은평구 녹번동에 있는 1991년에 지어진 (91-4) 연립다세대은/는 1층 53.44m²(임대면적) 기준으로 보증금 14000만원 임대료는 13만원에 월세로 거래되었습니다.,은평구 녹번동에 있는 1991년에 지어진 (91-4) 연립다세대은/는 1층 53.44m²(임대면적) 기준으로 보증금 14000만원 임대료는 13만원에 월세로 거래되었습니다.
전월세가,노원구 중계동에 있는 1992년에 지어진 주공5 아파트은/는 3층 58.46m²(임대면적) 기준으로 보증금 30500만원 임대료는 0만원에 전세로 거래되었습니다.,노원구 중계동에 있는 1992년에 지어진 주공5 아파트은/는 3층 58.46m²(임대면적) 기준으로 보증금 30500만원 임대료는 0만원에 전세로 거래되었습니다.
전월세가,강동구 천호동에 있는 2020년에 지어진 jkhouse 연립다세대은/는 3층 39.48m²(임대면적) 기준으로 보증금 1665만원 임대료는 40만원에 월세로 거래되었습니다.,강동구 천호동에 있는 2020년에 지어진 jkhouse 연립다세대은/는 3층 39.48m²(임대면적) 기준으로 보증금 1665만원 임대료는 40만원에 월세로 거래되었습니다.
전월세가,중랑구 망우동에 있는 2022년에 지어진 조광빌 연립다세대은/는 3층 24.84m²(임대면적) 기준으로 보증금 20000만원 임대료는 0만원에 전세로 거래되었습니다.,중랑구 망우동에 있는 2022년에 지어진 조광빌 연립다세대은/는 3층 24.84m²(임대면적) 기준으로 보증금 20000만원 임대료는 0만원에 전세로 거래되었습니다.
전월세가,종로구 행촌동에 있는 2017년에 지어진 경희궁자이(1단지) 아파트은/는 18층 39.06m²(임대면적) 기준으로 보증금 18443만원 임대료는 45만원에 월세로 거래되었습니다.,종로구 행촌동에 있는 2017년에 지어진 경희궁자이(1단지) 아파트은/는 18층 39.06m²(임대면적) 기준으로 보증금 18443만원 임대료는 45만원에 월세로 거래되었습니다.
전월세가,구로구 천왕동에 있는 2011년에 지어진 천왕이펜하우스2단지 아파트은/는 3층 114.85m²(임대면적) 기준으로 보증금 22258만원 임대료는 0만원에 전세로 거래되었습니다.,구로구 천왕동에 있는 2011년에 지어진 천왕이펜하우스2단지 아파트은/는 3층 114.85m²(임대면적) 기준으로 보증금 22258만원 임대료는 0만원에 전세로 거래되었습니다.
전월세가,송파구 송파동에 있는 2003년에 지어진 (85-10) 연립다세대은/는 4층 34.55m²(임대면적) 기준으로 보증금 1000만원 임대료는 73만원에 월세로 거래되었습니다.,송파구 송파동에 있는 2003년에 지어진 (85-10) 연립다세대은/는 4층 34.55m²(임대면적) 기준으로 보증금 1000만원 임대료는 73만원에 월세로 거래되었습니다.
전월세가,광진구 구의동에 있는 2021년에 지어진 연세빌 연립다세대은/는 5층 28.98m²(임대면적) 기준으로 보증금 28000만원 임대료는 0만원에 전세로 거래되었습니다.,광진구 구의동에 있는 2021년에 지어진 연세빌 연립다세대은/는 5층 28.98m²(임대면적) 기준으로 보증금 28000만원 임대료는 0만원에 전세로 거래되었습니다.
전월세가,강서구 화곡동에 있는 2002년에 지어진 그린오피스텔 오피스텔은/는 5층 18.86m²(임대면적) 기준으로 보증금 5000만원 임대료는 0만원에 전세로 거래되었습니다.,강서구 화곡동에 있는 2002년에 지어진 그린오피스텔 오피스텔은/는 5층 18.86m²(임대면적) 기준으로 보증금 5000만원 임대료는 0만원에 전세로 거래되었습니다.
전월세가,강서구 화곡동에 있는 2001년에 지어진 화성빌라B동(56-324) 연립다세대은/는 3층 44.76m²(임대면적) 기준으로 보증금 12300만원 임대료는 0만원에 전세로 거래되었습니다.,강서구 화곡동에 있는 2001년에 지어진 화성빌라B동(56-324) 연립다세대은/는 3층 44.76m²(임대면적) 기준으로 보증금 12300만원 임대료는 0만원에 전세로 거래되었습니다.
전월세가,성동구 옥수동에 있는 1986년에 지어진 극동 아파트은/는 9층 68.58m²(임대면적) 기준으로 보증금 10000만원 임대료는 130만원에 월세로 거래되었습니다.,성동구 옥수동에 있는 1986년에 지어진 극동 아파트은/는 9층 68.58m²(임대면적) 기준으로 보증금 10000만원 임대료는 130만원에 월세로 거래되었습니다.
전월세가,마포구 창전동에 있는 2003년에 지어진 신촌태영데시앙 아파트은/는 8층 84.97m²(임대면적) 기준으로 보증금 57000만원 임대료는 0만원에 전세로 거래되었습니다.,마포구 창전동에 있는 2003년에 지어진 신촌태영데시앙 아파트은/는 8층 84.97m²(임대면적) 기준으로 보증금 57000만원 임대료는 0만원에 전세로 거래되었습니다.
전월세가,송파구 오금동에 있는 2023년에 지어진 (71-9) 연립다세대은/는 3층 29.85m²(임대면적) 기준으로 보증금 5000만원 임대료는 120만원에 월세로 거래되었습니다.,송파구 오금동에 있는 2023년에 지어진 (71-9) 연립다세대은/는 3층 29.85m²(임대면적) 기준으로 보증금 5000만원 임대료는 120만원에 월세로 거래되었습니다.
전월세가,은평구 대조동에 있는 2019년에 지어진 하나블루힐스 연립다세대은/는 3층 53.08m²(임대면적) 기준으로 보증금 30000만원 임대료는 0만원에 전세로 거래되었습니다.,은평구 대조동에 있는 2019년에 지어진 하나블루힐스 연립다세대은/는 3층 53.08m²(임대면적) 기준으로 보증금 30000만원 임대료는 0만원에 전세로 거래되었습니다.
전월세가,송파구 잠실동에 있는 2012년에 지어진 	(176-8)	 오피스텔은/는 16층 47.87m²(임대면적) 기준으로 보증금 32000만원 임대료는 0만원에 전세로 거래되었습니다.,송파구 잠실동에 있는 2012년에 지어진 	(176-8)	 오피스텔은/는 16층 47.87m²(임대면적) 기준으로 보증금 32000만원 임대료는 0만원에 전세로 거래되었습니다.
전월세가,강서구 화곡동에 있는 2023년에 지어진 화곡 이레타워벨리스 오피스텔은/는 5층 25.41m²(임대면적) 기준으로 보증금 25000만원 임대료는 0만원에 전세로 거래되었습니다.,강서구 화곡동에 있는 2023년에 지어진 화곡 이레타워벨리스 오피스텔은/는 5층 25.41m²(임대면적) 기준으로 보증금 25000만원 임대료는 0만원에 전세로 거래되었습니다.
전월세가,송파구 송파동에 있는 2017년에 지어진 (95-61) 연립다세대은/는 2층 29.44m²(임대면적) 기준으로 보증금 21000만원 임대료는 0만원에 전세로 거래되었습니다.,송파구 송파동에 있는 2017년에 지어진 (95-61) 연립다세대은/는 2층 29.44m²(임대면적) 기준으로 보증금 21000만원 임대료는 0만원에 전세로 거래되었습니다.
전월세가,강서구 화곡동에 있는 2021년에 지어진 쌍떼포레 오피스텔은/는 13층 23.0m²(임대면적) 기준으로 보증금 3000만원 임대료는 65만원에 월세로 거래되었습니다.,강서구 화곡동에 있는 2021년에 지어진 쌍떼포레 오피스텔은/는 13층 23.0m²(임대면적) 기준으로 보증금 3000만원 임대료는 65만원에 월세로 거래되었습니다.
전월세가,금천구 시흥동에 있는 1989년에 지어진 남서울건영2 아파트은/는 13층 41.34m²(임대면적) 기준으로 보증금 18500만원 임대료는 0만원에 전세로 거래되었습니다.,금천구 시흥동에 있는 1989년에 지어진 남서울건영2 아파트은/는 13층 41.34m²(임대면적) 기준으로 보증금 18500만원 임대료는 0만원에 전세로 거래되었습니다.
전월세가,관악구 봉천동에 있는 2008년에 지어진  단독다가구은/는 0층 16.5m²(임대면적) 기준으로 보증금 9500만원 임대료는 0만원에 전세로 거래되었습니다.,관악구 봉천동에 있는 2008년에 지어진  단독다가구은/는 0층 16.5m²(임대면적) 기준으로 보증금 9500만원 임대료는 0만원에 전세로 거래되었습니다.
전월세가,성북구 장위동에 있는 2022년에 지어진 꿈의숲아이파크 아파트은/는 19층 59.1m²(임대면적) 기준으로 보증금 54000만원 임대료는 0만원에 전세로 거래되었습니다.,성북구 장위동에 있는 2022년에 지어진 꿈의숲아이파크 아파트은/는 19층 59.1m²(임대면적) 기준으로 보증금 54000만원 임대료는 0만원에 전세로 거래되었습니다.
전월세가,서초구 반포동에 있는 2016년에 지어진 아크로리버파크 아파트은/는 19층 84.95m²(임대면적) 기준으로 보증금 180000만원 임대료는 0만원에 전세로 거래되었습니다.,서초구 반포동에 있는 2016년에 지어진 아크로리버파크 아파트은/는 19층 84.95m²(임대면적) 기준으로 보증금 180000만원 임대료는 0만원에 전세로 거래되었습니다.
전월세가,강남구 수서동에 있는 1993년에 지어진 까치마을 아파트은/는 10층 39.6m²(임대면적) 기준으로 보증금 29700만원 임대료는 0만원에 전세로 거래되었습니다.,강남구 수서동에 있는 1993년에 지어진 까치마을 아파트은/는 10층 39.6m²(임대면적) 기준으로 보증금 29700만원 임대료는 0만원에 전세로 거래되었습니다.
전월세가,구로구 개봉동에 있는 2023년에 지어진 에코그로브빌리지10차201동 연립다세대은/는 3층 29.81m²(임대면적) 기준으로 보증금 25000만원 임대료는 0만원에 전세로 거래되었습니다.,구로구 개봉동에 있는 2023년에 지어진 에코그로브빌리지10차201동 연립다세대은/는 3층 29.81m²(임대면적) 기준으로 보증금 25000만원 임대료는 0만원에 전세로 거래되었습니다.
전월세가,송파구 삼전동에 있는 2002년에 지어진 (177-3) 연립다세대은/는 3층 32.38m²(임대면적) 기준으로 보증금 15000만원 임대료는 11만원에 월세로 거래되었습니다.,송파구 삼전동에 있는 2002년에 지어진 (177-3) 연립다세대은/는 3층 32.38m²(임대면적) 기준으로 보증금 15000만원 임대료는 11만원에 월세로 거래되었습니다.
전월세가,서대문구 창천동에 있는 2004년에 지어진  단독다가구은/는 0층 26.4m²(임대면적) 기준으로 보증금 17000만원 임대료는 0만원에 전세로 거래되었습니다.,서대문구 창천동에 있는 2004년에 지어진  단독다가구은/는 0층 26.4m²(임대면적) 기준으로 보증금 17000만원 임대료는 0만원에 전세로 거래되었습니다.
전월세가,동대문구 장안동에 있는 2018년에 지어진 J빌딩 오피스텔은/는 4층 20.36m²(임대면적) 기준으로 보증금 1000만원 임대료는 54만원에 월세로 거래되었습니다.,동대문구 장안동에 있는 2018년에 지어진 J빌딩 오피스텔은/는 4층 20.36m²(임대면적) 기준으로 보증금 1000만원 임대료는 54만원에 월세로 거래되었습니다.
전월세가,강서구 화곡동에 있는 2005년에 지어진 신안쉐르빌 연립다세대은/는 5층 64.37m²(임대면적) 기준으로 보증금 16000만원 임대료는 0만원에 전세로 거래되었습니다.,강서구 화곡동에 있는 2005년에 지어진 신안쉐르빌 연립다세대은/는 5층 64.37m²(임대면적) 기준으로 보증금 16000만원 임대료는 0만원에 전세로 거래되었습니다.
전월세가,서대문구 남가좌동에 있는 2015년에 지어진 DMC파크뷰자이2단지 아파트은/는 12층 84.97m²(임대면적) 기준으로 보증금 40000만원 임대료는 110만원에 월세로 거래되었습니다.,서대문구 남가좌동에 있는 2015년에 지어진 DMC파크뷰자이2단지 아파트은/는 12층 84.97m²(임대면적) 기준으로 보증금 40000만원 임대료는 110만원에 월세로 거래되었습니다.
전월세가,중랑구 신내동에 있는 2014년에 지어진 신내우디안1단지 아파트은/는 12층 39.93m²(임대면적) 기준으로 보증금 5941만원 임대료는 11만원에 월세로 거래되었습니다.,중랑구 신내동에 있는 2014년에 지어진 신내우디안1단지 아파트은/는 12층 39.93m²(임대면적) 기준으로 보증금 5941만원 임대료는 11만원에 월세로 거래되었습니다.
전월세가,송파구 송파동에 있는 2018년에 지어진 (139-12) 연립다세대은/는 3층 43.64m²(임대면적) 기준으로 보증금 507만원 임대료는 78만원에 월세로 거래되었습니다.,송파구 송파동에 있는 2018년에 지어진 (139-12) 연립다세대은/는 3층 43.64m²(임대면적) 기준으로 보증금 507만원 임대료는 78만원에 월세로 거래되었습니다.
전월세가,송파구 송파동에 있는 1983년에 지어진 한양아파트 아파트은/는 9층 158.61m²(임대면적) 기준으로 보증금 80000만원 임대료는 0만원에 전세로 거래되었습니다.,송파구 송파동에 있는 1983년에 지어진 한양아파트 아파트은/는 9층 158.61m²(임대면적) 기준으로 보증금 80000만원 임대료는 0만원에 전세로 거래되었습니다.
전월세가,양천구 목동에 있는 1987년에 지어진 (545-33) 연립다세대은/는 -1층 48.92m²(임대면적) 기준으로 보증금 10000만원 임대료는 0만원에 전세로 거래되었습니다.,양천구 목동에 있는 1987년에 지어진 (545-33) 연립다세대은/는 -1층 48.92m²(임대면적) 기준으로 보증금 10000만원 임대료는 0만원에 전세로 거래되었습니다.
전월세가,강서구 공항동에 있는 2019년에 지어진  단독다가구은/는 0층 16.0m²(임대면적) 기준으로 보증금 10000만원 임대료는 0만원에 전세로 거래되었습니다.,강서구 공항동에 있는 2019년에 지어진  단독다가구은/는 0층 16.0m²(임대면적) 기준으로 보증금 10000만원 임대료는 0만원에 전세로 거래되었습니다.
전월세가,종로구 원서동에 있는 1997년에 지어진 (86-20) 연립다세대은/는 2층 19.84m²(임대면적) 기준으로 보증금 14000만원 임대료는 0만원에 전세로 거래되었습니다.,종로구 원서동에 있는 1997년에 지어진 (86-20) 연립다세대은/는 2층 19.84m²(임대면적) 기준으로 보증금 14000만원 임대료는 0만원에 전세로 거래되었습니다.
전월세가,도봉구 창동에 있는 2018년에 지어진 한일그랑빌 연립다세대은/는 6층 29.76m²(임대면적) 기준으로 보증금 15800만원 임대료는 0만원에 전세로 거래되었습니다.,도봉구 창동에 있는 2018년에 지어진 한일그랑빌 연립다세대은/는 6층 29.76m²(임대면적) 기준으로 보증금 15800만원 임대료는 0만원에 전세로 거래되었습니다.
전월세가,강서구 화곡동에 있는 2015년에 지어진 강서힐스테이트 아파트은/는 8층 59.99m²(임대면적) 기준으로 보증금 5000만원 임대료는 142만원에 월세로 거래되었습니다.,강서구 화곡동에 있는 2015년에 지어진 강서힐스테이트 아파트은/는 8층 59.99m²(임대면적) 기준으로 보증금 5000만원 임대료는 142만원에 월세로 거래되었습니다.
전월세가,구로구 천왕동에 있는 2013년에 지어진 천왕연지타운1단지 아파트은/는 4층 59.97m²(임대면적) 기준으로 보증금 11978만원 임대료는 17만원에 월세로 거래되었습니다.,구로구 천왕동에 있는 2013년에 지어진 천왕연지타운1단지 아파트은/는 4층 59.97m²(임대면적) 기준으로 보증금 11978만원 임대료는 17만원에 월세로 거래되었습니다.
전월세가,노원구 중계동에 있는 1993년에 지어진 라이프 아파트은/는 8층 101.85m²(임대면적) 기준으로 보증금 60000만원 임대료는 0만원에 전세로 거래되었습니다.,노원구 중계동에 있는 1993년에 지어진 라이프 아파트은/는 8층 101.85m²(임대면적) 기준으로 보증금 60000만원 임대료는 0만원에 전세로 거래되었습니다.
전월세가,구로구 천왕동에 있는 2013년에 지어진 천왕연지타운1단지 아파트은/는 9층 59.97m²(임대면적) 기준으로 보증금 9505만원 임대료는 31만원에 월세로 거래되었습니다.,구로구 천왕동에 있는 2013년에 지어진 천왕연지타운1단지 아파트은/는 9층 59.97m²(임대면적) 기준으로 보증금 9505만원 임대료는 31만원에 월세로 거래되었습니다.
전월세가,서초구 우면동에 있는 2013년에 지어진 서초네이처힐6단지 아파트은/는 4층 59.99m²(임대면적) 기준으로 보증금 9600만원 임대료는 15만원에 월세로 거래되었습니다.,서초구 우면동에 있는 2013년에 지어진 서초네이처힐6단지 아파트은/는 4층 59.99m²(임대면적) 기준으로 보증금 9600만원 임대료는 15만원에 월세로 거래되었습니다.
전월세가,송파구 장지동에 있는 2017년에 지어진 위례포레샤인23단지 아파트은/는 12층 74.82m²(임대면적) 기준으로 보증금 38587만원 임대료는 0만원에 전세로 거래되었습니다.,송파구 장지동에 있는 2017년에 지어진 위례포레샤인23단지 아파트은/는 12층 74.82m²(임대면적) 기준으로 보증금 38587만원 임대료는 0만원에 전세로 거래되었습니다.
전월세가,강서구 화곡동에 있는 2001년에 지어진 선우스위트빌나동 연립다세대은/는 1층 59.77m²(임대면적) 기준으로 보증금 15870만원 임대료는 0만원에 전세로 거래되었습니다.,강서구 화곡동에 있는 2001년에 지어진 선우스위트빌나동 연립다세대은/는 1층 59.77m²(임대면적) 기준으로 보증금 15870만원 임대료는 0만원에 전세로 거래되었습니다.
전월세가,강서구 방화동에 있는 2010년에 지어진 천문(612-227) 연립다세대은/는 4층 21.99m²(임대면적) 기준으로 보증금 1000만원 임대료는 40만원에 월세로 거래되었습니다.,강서구 방화동에 있는 2010년에 지어진 천문(612-227) 연립다세대은/는 4층 21.99m²(임대면적) 기준으로 보증금 1000만원 임대료는 40만원에 월세로 거래되었습니다.
전월세가,서초구 서초동에 있는 2017년에 지어진 서초다산빌라 연립다세대은/는 2층 29.11m²(임대면적) 기준으로 보증금 30000만원 임대료는 0만원에 전세로 거래되었습니다.,서초구 서초동에 있는 2017년에 지어진 서초다산빌라 연립다세대은/는 2층 29.11m²(임대면적) 기준으로 보증금 30000만원 임대료는 0만원에 전세로 거래되었습니다.
전월세가,용산구 원효로1가에 있는 2023년에 지어진 용산빌라트 연립다세대은/는 5층 28.24m²(임대면적) 기준으로 보증금 25000만원 임대료는 0만원에 전세로 거래되었습니다.,용산구 원효로1가에 있는 2023년에 지어진 용산빌라트 연립다세대은/는 5층 28.24m²(임대면적) 기준으로 보증금 25000만원 임대료는 0만원에 전세로 거래되었습니다.
전월세가,송파구 방이동에 있는 2019년에 지어진 삼익타운102동 연립다세대은/는 2층 45.57m²(임대면적) 기준으로 보증금 18000만원 임대료는 75만원에 월세로 거래되었습니다.,송파구 방이동에 있는 2019년에 지어진 삼익타운102동 연립다세대은/는 2층 45.57m²(임대면적) 기준으로 보증금 18000만원 임대료는 75만원에 월세로 거래되었습니다.
전월세가,영등포구 대림동에 있는 2020년에 지어진 파크에비뉴 연립다세대은/는 5층 28.92m²(임대면적) 기준으로 보증금 100만원 임대료는 46만원에 월세로 거래되었습니다.,영등포구 대림동에 있는 2020년에 지어진 파크에비뉴 연립다세대은/는 5층 28.92m²(임대면적) 기준으로 보증금 100만원 임대료는 46만원에 월세로 거래되었습니다.
전월세가,동대문구 장안동에 있는 2022년에 지어진 동트리움비동 연립다세대은/는 8층 59.9m²(임대면적) 기준으로 보증금 7570만원 임대료는 20만원에 월세로 거래되었습니다.,동대문구 장안동에 있는 2022년에 지어진 동트리움비동 연립다세대은/는 8층 59.9m²(임대면적) 기준으로 보증금 7570만원 임대료는 20만원에 월세로 거래되었습니다.
전월세가,중랑구 면목동에 있는 2011년에 지어진  단독다가구은/는 0층 16.0m²(임대면적) 기준으로 보증금 3500만원 임대료는 0만원에 전세로 거래되었습니다.,중랑구 면목동에 있는 2011년에 지어진  단독다가구은/는 0층 16.0m²(임대면적) 기준으로 보증금 3500만원 임대료는 0만원에 전세로 거래되었습니다.
전월세가,강동구 명일동에 있는 1983년에 지어진 삼익그린2차 아파트은/는 1층 66.87m²(임대면적) 기준으로 보증금 31970만원 임대료는 0만원에 전세로 거래되었습니다.,강동구 명일동에 있는 1983년에 지어진 삼익그린2차 아파트은/는 1층 66.87m²(임대면적) 기준으로 보증금 31970만원 임대료는 0만원에 전세로 거래되었습니다.
전월세가,동대문구 이문동에 있는 2000년에 지어진 쌍용 아파트은/는 3층 84.89m²(임대면적) 기준으로 보증금 42000만원 임대료는 0만원에 전세로 거래되었습니다.,동대문구 이문동에 있는 2000년에 지어진 쌍용 아파트은/는 3층 84.89m²(임대면적) 기준으로 보증금 42000만원 임대료는 0만원에 전세로 거래되었습니다.
전월세가,서대문구 충정로3가에 있는 2020년에 지어진 더스타일하우스디센트럴 아파트은/는 21층 16.06m²(임대면적) 기준으로 보증금 4870만원 임대료는 31만원에 월세로 거래되었습니다.,서대문구 충정로3가에 있는 2020년에 지어진 더스타일하우스디센트럴 아파트은/는 21층 16.06m²(임대면적) 기준으로 보증금 4870만원 임대료는 31만원에 월세로 거래되었습니다.
전월세가,서초구 반포동에 있는 2010년에 지어진 이든빌 연립다세대은/는 4층 61.5m²(임대면적) 기준으로 보증금 30000만원 임대료는 0만원에 전세로 거래되었습니다.,서초구 반포동에 있는 2010년에 지어진 이든빌 연립다세대은/는 4층 61.5m²(임대면적) 기준으로 보증금 30000만원 임대료는 0만원에 전세로 거래되었습니다.
전월세가,동작구 사당동에 있는 2014년에 지어진 라온시티 아파트은/는 8층 12.44m²(임대면적) 기준으로 보증금 10000만원 임대료는 19만원에 월세로 거래되었습니다.,동작구 사당동에 있는 2014년에 지어진 라온시티 아파트은/는 8층 12.44m²(임대면적) 기준으로 보증금 10000만원 임대료는 19만원에 월세로 거래되었습니다.
전월세가,강서구 화곡동에 있는 2011년에 지어진 혜성펠리스(811-8) 연립다세대은/는 3층 41.36m²(임대면적) 기준으로 보증금 17500만원 임대료는 0만원에 전세로 거래되었습니다.,강서구 화곡동에 있는 2011년에 지어진 혜성펠리스(811-8) 연립다세대은/는 3층 41.36m²(임대면적) 기준으로 보증금 17500만원 임대료는 0만원에 전세로 거래되었습니다.
전월세가,마포구 용강동에 있는 2015년에 지어진 블루하우스 연립다세대은/는 3층 27.53m²(임대면적) 기준으로 보증금 22400만원 임대료는 0만원에 전세로 거래되었습니다.,마포구 용강동에 있는 2015년에 지어진 블루하우스 연립다세대은/는 3층 27.53m²(임대면적) 기준으로 보증금 22400만원 임대료는 0만원에 전세로 거래되었습니다.
전월세가,송파구 장지동에 있는 2017년에 지어진 위례포레샤인23단지 아파트은/는 5층 59.66m²(임대면적) 기준으로 보증금 32900만원 임대료는 0만원에 전세로 거래되었습니다.,송파구 장지동에 있는 2017년에 지어진 위례포레샤인23단지 아파트은/는 5층 59.66m²(임대면적) 기준으로 보증금 32900만원 임대료는 0만원에 전세로 거래되었습니다.
전월세가,광진구 화양동에 있는 2021년에 지어진 비다펠리즈 오피스텔은/는 4층 20.66m²(임대면적) 기준으로 보증금 23000만원 임대료는 0만원에 전세로 거래되었습니다.,광진구 화양동에 있는 2021년에 지어진 비다펠리즈 오피스텔은/는 4층 20.66m²(임대면적) 기준으로 보증금 23000만원 임대료는 0만원에 전세로 거래되었습니다.
전월세가,동작구 동작동에 있는 2013년에 지어진 이수힐스테이트 아파트은/는 4층 60.0m²(임대면적) 기준으로 보증금 68000만원 임대료는 0만원에 전세로 거래되었습니다.,동작구 동작동에 있는 2013년에 지어진 이수힐스테이트 아파트은/는 4층 60.0m²(임대면적) 기준으로 보증금 68000만원 임대료는 0만원에 전세로 거래되었습니다.
전월세가,노원구 상계동에 있는 1994년에 지어진 두산 아파트은/는 7층 51.66m²(임대면적) 기준으로 보증금 23000만원 임대료는 0만원에 전세로 거래되었습니다.,노원구 상계동에 있는 1994년에 지어진 두산 아파트은/는 7층 51.66m²(임대면적) 기준으로 보증금 23000만원 임대료는 0만원에 전세로 거래되었습니다.
전월세가,관악구 남현동에 있는 2007년에 지어진 힐하우스 연립다세대은/는 3층 72.12m²(임대면적) 기준으로 보증금 30000만원 임대료는 40만원에 월세로 거래되었습니다.,관악구 남현동에 있는 2007년에 지어진 힐하우스 연립다세대은/는 3층 72.12m²(임대면적) 기준으로 보증금 30000만원 임대료는 40만원에 월세로 거래되었습니다.
전월세가,광진구 구의동에 있는 년에 지어진 비바힐스강변 아파트은/는 10층 32.88m²(임대면적) 기준으로 보증금 13400만원 임대료는 56만원에 월세로 거래되었습니다.,광진구 구의동에 있는 년에 지어진 비바힐스강변 아파트은/는 10층 32.88m²(임대면적) 기준으로 보증금 13400만원 임대료는 56만원에 월세로 거래되었습니다.
전월세가,송파구 가락동에 있는 2018년에 지어진 천광파인빌 연립다세대은/는 2층 16.75m²(임대면적) 기준으로 보증금 13500만원 임대료는 0만원에 전세로 거래되었습니다.,송파구 가락동에 있는 2018년에 지어진 천광파인빌 연립다세대은/는 2층 16.75m²(임대면적) 기준으로 보증금 13500만원 임대료는 0만원에 전세로 거래되었습니다.
전월세가,마포구 당인동에 있는 2008년에 지어진 당인쉐르빌 연립다세대은/는 4층 14.87m²(임대면적) 기준으로 보증금 10000만원 임대료는 0만원에 전세로 거래되었습니다.,마포구 당인동에 있는 2008년에 지어진 당인쉐르빌 연립다세대은/는 4층 14.87m²(임대면적) 기준으로 보증금 10000만원 임대료는 0만원에 전세로 거래되었습니다.
전월세가,은평구 불광동에 있는 2016년에 지어진 호안빌 연립다세대은/는 4층 25.78m²(임대면적) 기준으로 보증금 14500만원 임대료는 0만원에 전세로 거래되었습니다.,은평구 불광동에 있는 2016년에 지어진 호안빌 연립다세대은/는 4층 25.78m²(임대면적) 기준으로 보증금 14500만원 임대료는 0만원에 전세로 거래되었습니다.
전월세가,강동구 성내동에 있는 2010년에 지어진 성주아트빌 연립다세대은/는 5층 72.92m²(임대면적) 기준으로 보증금 23000만원 임대료는 10만원에 월세로 거래되었습니다.,강동구 성내동에 있는 2010년에 지어진 성주아트빌 연립다세대은/는 5층 72.92m²(임대면적) 기준으로 보증금 23000만원 임대료는 10만원에 월세로 거래되었습니다.
전월세가,송파구 거여동에 있는 2020년에 지어진 위례포레샤인13단지 아파트은/는 7층 39.76m²(임대면적) 기준으로 보증금 3903만원 임대료는 25만원에 월세로 거래되었습니다.,송파구 거여동에 있는 2020년에 지어진 위례포레샤인13단지 아파트은/는 7층 39.76m²(임대면적) 기준으로 보증금 3903만원 임대료는 25만원에 월세로 거래되었습니다.
전월세가,양천구 신정동에 있는 2008년에 지어진 메이플빌리지 연립다세대은/는 4층 39.45m²(임대면적) 기준으로 보증금 16000만원 임대료는 10만원에 월세로 거래되었습니다.,양천구 신정동에 있는 2008년에 지어진 메이플빌리지 연립다세대은/는 4층 39.45m²(임대면적) 기준으로 보증금 16000만원 임대료는 10만원에 월세로 거래되었습니다.
전월세가,송파구 잠실동에 있는 2008년에 지어진 잠실엘스 아파트은/는 22층 84.8m²(임대면적) 기준으로 보증금 110000만원 임대료는 0만원에 전세로 거래되었습니다.,송파구 잠실동에 있는 2008년에 지어진 잠실엘스 아파트은/는 22층 84.8m²(임대면적) 기준으로 보증금 110000만원 임대료는 0만원에 전세로 거래되었습니다.
전월세가,은평구 진관동에 있는 2008년에 지어진 상림마을6단지푸르지오(601~605동)BL1-8 아파트은/는 7층 59.92m²(임대면적) 기준으로 보증금 5820만원 임대료는 40만원에 월세로 거래되었습니다.,은평구 진관동에 있는 2008년에 지어진 상림마을6단지푸르지오(601~605동)BL1-8 아파트은/는 7층 59.92m²(임대면적) 기준으로 보증금 5820만원 임대료는 40만원에 월세로 거래되었습니다.
전월세가,용산구 원효로4가에 있는 2005년에 지어진 한강수 아파트은/는 2층 140.88m²(임대면적) 기준으로 보증금 80000만원 임대료는 0만원에 전세로 거래되었습니다.,용산구 원효로4가에 있는 2005년에 지어진 한강수 아파트은/는 2층 140.88m²(임대면적) 기준으로 보증금 80000만원 임대료는 0만원에 전세로 거래되었습니다.
전월세가,강동구 암사동에 있는 2000년에 지어진 선사현대아파트 아파트은/는 16층 59.64m²(임대면적) 기준으로 보증금 36750만원 임대료는 0만원에 전세로 거래되었습니다.,강동구 암사동에 있는 2000년에 지어진 선사현대아파트 아파트은/는 16층 59.64m²(임대면적) 기준으로 보증금 36750만원 임대료는 0만원에 전세로 거래되었습니다.
전월세가,송파구 방이동에 있는 2017년에 지어진 우신캐스빌 연립다세대은/는 6층 34.34m²(임대면적) 기준으로 보증금 36750만원 임대료는 0만원에 전세로 거래되었습니다.,송파구 방이동에 있는 2017년에 지어진 우신캐스빌 연립다세대은/는 6층 34.34m²(임대면적) 기준으로 보증금 36750만원 임대료는 0만원에 전세로 거래되었습니다.
전월세가,송파구 잠실동에 있는 2008년에 지어진 리센츠 아파트은/는 20층 84.99m²(임대면적) 기준으로 보증금 40000만원 임대료는 260만원에 월세로 거래되었습니다.,송파구 잠실동에 있는 2008년에 지어진 리센츠 아파트은/는 20층 84.99m²(임대면적) 기준으로 보증금 40000만원 임대료는 260만원에 월세로 거래되었습니다.
전월세가,성북구 돈암동에 있는 1998년에 지어진 한진(609-1) 아파트은/는 16층 113.67m²(임대면적) 기준으로 보증금 5250만원 임대료는 190만원에 월세로 거래되었습니다.,성북구 돈암동에 있는 1998년에 지어진 한진(609-1) 아파트은/는 16층 113.67m²(임대면적) 기준으로 보증금 5250만원 임대료는 190만원에 월세로 거래되었습니다.
전월세가,송파구 잠실동에 있는 2008년에 지어진 리센츠 아파트은/는 19층 84.99m²(임대면적) 기준으로 보증금 50000만원 임대료는 210만원에 월세로 거래되었습니다.,송파구 잠실동에 있는 2008년에 지어진 리센츠 아파트은/는 19층 84.99m²(임대면적) 기준으로 보증금 50000만원 임대료는 210만원에 월세로 거래되었습니다.
전월세가,용산구 용문동에 있는 2013년에 지어진 한강타운 연립다세대은/는 2층 13.53m²(임대면적) 기준으로 보증금 1000만원 임대료는 48만원에 월세로 거래되었습니다.,용산구 용문동에 있는 2013년에 지어진 한강타운 연립다세대은/는 2층 13.53m²(임대면적) 기준으로 보증금 1000만원 임대료는 48만원에 월세로 거래되었습니다.
전월세가,도봉구 도봉동에 있는 2022년에 지어진 대동드림빌 연립다세대은/는 5층 67.02m²(임대면적) 기준으로 보증금 35000만원 임대료는 0만원에 전세로 거래되었습니다.,도봉구 도봉동에 있는 2022년에 지어진 대동드림빌 연립다세대은/는 5층 67.02m²(임대면적) 기준으로 보증금 35000만원 임대료는 0만원에 전세로 거래되었습니다.
전월세가,송파구 삼전동에 있는 2019년에 지어진 승빈빌딩 연립다세대은/는 2층 20.17m²(임대면적) 기준으로 보증금 18500만원 임대료는 10만원에 월세로 거래되었습니다.,송파구 삼전동에 있는 2019년에 지어진 승빈빌딩 연립다세대은/는 2층 20.17m²(임대면적) 기준으로 보증금 18500만원 임대료는 10만원에 월세로 거래되었습니다.
전월세가,송파구 잠실동에 있는 2008년에 지어진 리센츠 아파트은/는 16층 124.22m²(임대면적) 기준으로 보증금 190000만원 임대료는 0만원에 전세로 거래되었습니다.,송파구 잠실동에 있는 2008년에 지어진 리센츠 아파트은/는 16층 124.22m²(임대면적) 기준으로 보증금 190000만원 임대료는 0만원에 전세로 거래되었습니다.
전월세가,송파구 가락동에 있는 2004년에 지어진 한화오벨리스크 아파트은/는 20층 25.32m²(임대면적) 기준으로 보증금 2000만원 임대료는 70만원에 월세로 거래되었습니다.,송파구 가락동에 있는 2004년에 지어진 한화오벨리스크 아파트은/는 20층 25.32m²(임대면적) 기준으로 보증금 2000만원 임대료는 70만원에 월세로 거래되었습니다.
전월세가,광진구 군자동에 있는 2009년에 지어진 로마네스크5 연립다세대은/는 2층 39.45m²(임대면적) 기준으로 보증금 19800만원 임대료는 5만원에 월세로 거래되었습니다.,광진구 군자동에 있는 2009년에 지어진 로마네스크5 연립다세대은/는 2층 39.45m²(임대면적) 기준으로 보증금 19800만원 임대료는 5만원에 월세로 거래되었습니다.
전월세가,성동구 금호동3가에 있는 1993년에 지어진  단독다가구은/는 0층 28.0m²(임대면적) 기준으로 보증금 5000만원 임대료는 0만원에 전세로 거래되었습니다.,성동구 금호동3가에 있는 1993년에 지어진  단독다가구은/는 0층 28.0m²(임대면적) 기준으로 보증금 5000만원 임대료는 0만원에 전세로 거래되었습니다.
전월세가,영등포구 영등포동에 있는 2021년에 지어진 라르파크 아파트은/는 14층 30.71m²(임대면적) 기준으로 보증금 40000만원 임대료는 0만원에 전세로 거래되었습니다.,영등포구 영등포동에 있는 2021년에 지어진 라르파크 아파트은/는 14층 30.71m²(임대면적) 기준으로 보증금 40000만원 임대료는 0만원에 전세로 거래되었습니다.
전월세가,영등포구 영등포동7가에 있는 2008년에 지어진 청호오피스텔 오피스텔은/는 5층 17.1m²(임대면적) 기준으로 보증금 13300만원 임대료는 0만원에 전세로 거래되었습니다.,영등포구 영등포동7가에 있는 2008년에 지어진 청호오피스텔 오피스텔은/는 5층 17.1m²(임대면적) 기준으로 보증금 13300만원 임대료는 0만원에 전세로 거래되었습니다.
전월세가,성동구 마장동에 있는 1986년에 지어진 세림 아파트은/는 6층 84.93m²(임대면적) 기준으로 보증금 34600만원 임대료는 0만원에 전세로 거래되었습니다.,성동구 마장동에 있는 1986년에 지어진 세림 아파트은/는 6층 84.93m²(임대면적) 기준으로 보증금 34600만원 임대료는 0만원에 전세로 거래되었습니다.
전월세가,중랑구 상봉동에 있는 2012년에 지어진 우영시티 연립다세대은/는 5층 13.07m²(임대면적) 기준으로 보증금 1000만원 임대료는 48만원에 월세로 거래되었습니다.,중랑구 상봉동에 있는 2012년에 지어진 우영시티 연립다세대은/는 5층 13.07m²(임대면적) 기준으로 보증금 1000만원 임대료는 48만원에 월세로 거래되었습니다.
전월세가,영등포구 영등포동에 있는 2021년에 지어진 라르파크 아파트은/는 14층 30.71m²(임대면적) 기준으로 보증금 40000만원 임대료는 0만원에 전세로 거래되었습니다.,영등포구 영등포동에 있는 2021년에 지어진 라르파크 아파트은/는 14층 30.71m²(임대면적) 기준으로 보증금 40000만원 임대료는 0만원에 전세로 거래되었습니다.
전월세가,성동구 용답동에 있는 1974년에 지어진  단독다가구은/는 0층 30.0m²(임대면적) 기준으로 보증금 700만원 임대료는 50만원에 월세로 거래되었습니다.,성동구 용답동에 있는 1974년에 지어진  단독다가구은/는 0층 30.0m²(임대면적) 기준으로 보증금 700만원 임대료는 50만원에 월세로 거래되었습니다.
전월세가,마포구 망원동에 있는 1995년에 지어진 선궁연립 연립다세대은/는 2층 58.23m²(임대면적) 기준으로 보증금 24000만원 임대료는 0만원에 전세로 거래되었습니다.,마포구 망원동에 있는 1995년에 지어진 선궁연립 연립다세대은/는 2층 58.23m²(임대면적) 기준으로 보증금 24000만원 임대료는 0만원에 전세로 거래되었습니다.
전월세가,송파구 송파동에 있는 2020년에 지어진 해바라기빌라 연립다세대은/는 4층 29.59m²(임대면적) 기준으로 보증금 100만원 임대료는 70만원에 월세로 거래되었습니다.,송파구 송파동에 있는 2020년에 지어진 해바라기빌라 연립다세대은/는 4층 29.59m²(임대면적) 기준으로 보증금 100만원 임대료는 70만원에 월세로 거래되었습니다.
전월세가,중구 흥인동에 있는 2014년에 지어진 동대문와이즈캐슬 아파트은/는 10층 15.55m²(임대면적) 기준으로 보증금 1000만원 임대료는 65만원에 월세로 거래되었습니다.,중구 흥인동에 있는 2014년에 지어진 동대문와이즈캐슬 아파트은/는 10층 15.55m²(임대면적) 기준으로 보증금 1000만원 임대료는 65만원에 월세로 거래되었습니다.
전월세가,동대문구 청량리동에 있는 2023년에 지어진 힐스테이트 청량리역 오피스텔은/는 6층 21.2m²(임대면적) 기준으로 보증금 24000만원 임대료는 0만원에 전세로 거래되었습니다.,동대문구 청량리동에 있는 2023년에 지어진 힐스테이트 청량리역 오피스텔은/는 6층 21.2m²(임대면적) 기준으로 보증금 24000만원 임대료는 0만원에 전세로 거래되었습니다.
전월세가,관악구 남현동에 있는 2004년에 지어진 드림뷰오피스텔 오피스텔은/는 6층 16.83m²(임대면적) 기준으로 보증금 3000만원 임대료는 35만원에 월세로 거래되었습니다.,관악구 남현동에 있는 2004년에 지어진 드림뷰오피스텔 오피스텔은/는 6층 16.83m²(임대면적) 기준으로 보증금 3000만원 임대료는 35만원에 월세로 거래되었습니다.
전월세가,도봉구 창동에 있는 1990년에 지어진 창동주공3단지(해등마을) 아파트은/는 2층 59.39m²(임대면적) 기준으로 보증금 19000만원 임대료는 30만원에 월세로 거래되었습니다.,도봉구 창동에 있는 1990년에 지어진 창동주공3단지(해등마을) 아파트은/는 2층 59.39m²(임대면적) 기준으로 보증금 19000만원 임대료는 30만원에 월세로 거래되었습니다.
전월세가,강남구 대치동에 있는 2008년에 지어진 대치아이파크 아파트은/는 10층 84.95m²(임대면적) 기준으로 보증금 60000만원 임대료는 147만원에 월세로 거래되었습니다.,강남구 대치동에 있는 2008년에 지어진 대치아이파크 아파트은/는 10층 84.95m²(임대면적) 기준으로 보증금 60000만원 임대료는 147만원에 월세로 거래되었습니다.
전월세가,강동구 둔촌동에 있는 2022년에 지어진 클래시하우스5차 연립다세대은/는 4층 42.27m²(임대면적) 기준으로 보증금 2110만원 임대료는 49만원에 월세로 거래되었습니다.,강동구 둔촌동에 있는 2022년에 지어진 클래시하우스5차 연립다세대은/는 4층 42.27m²(임대면적) 기준으로 보증금 2110만원 임대료는 49만원에 월세로 거래되었습니다.
전월세가,강동구 고덕동에 있는 2016년에 지어진 래미안힐스테이트고덕 아파트은/는 30층 84.83m²(임대면적) 기준으로 보증금 69500만원 임대료는 0만원에 전세로 거래되었습니다.,강동구 고덕동에 있는 2016년에 지어진 래미안힐스테이트고덕 아파트은/는 30층 84.83m²(임대면적) 기준으로 보증금 69500만원 임대료는 0만원에 전세로 거래되었습니다.
전월세가,도봉구 창동에 있는 1990년에 지어진 창동주공3단지(해등마을) 아파트은/는 5층 58.01m²(임대면적) 기준으로 보증금 24000만원 임대료는 0만원에 전세로 거래되었습니다.,도봉구 창동에 있는 1990년에 지어진 창동주공3단지(해등마을) 아파트은/는 5층 58.01m²(임대면적) 기준으로 보증금 24000만원 임대료는 0만원에 전세로 거래되었습니다.
전월세가,양천구 신정동에 있는 1997년에 지어진 목동현대3차 아파트은/는 19층 101.91m²(임대면적) 기준으로 보증금 80000만원 임대료는 0만원에 전세로 거래되었습니다.,양천구 신정동에 있는 1997년에 지어진 목동현대3차 아파트은/는 19층 101.91m²(임대면적) 기준으로 보증금 80000만원 임대료는 0만원에 전세로 거래되었습니다.
전월세가,강남구 역삼동에 있는 2016년에 지어진 역삼자이 아파트은/는 16층 84.99m²(임대면적) 기준으로 보증금 80000만원 임대료는 200만원에 월세로 거래되었습니다.,강남구 역삼동에 있는 2016년에 지어진 역삼자이 아파트은/는 16층 84.99m²(임대면적) 기준으로 보증금 80000만원 임대료는 200만원에 월세로 거래되었습니다.
전월세가,성북구 종암동에 있는 2004년에 지어진 삼성래미안 아파트은/는 7층 59.99m²(임대면적) 기준으로 보증금 36750만원 임대료는 0만원에 전세로 거래되었습니다.,성북구 종암동에 있는 2004년에 지어진 삼성래미안 아파트은/는 7층 59.99m²(임대면적) 기준으로 보증금 36750만원 임대료는 0만원에 전세로 거래되었습니다.
전월세가,송파구 신천동에 있는 2008년에 지어진 파크리오 아파트은/는 31층 84.9m²(임대면적) 기준으로 보증금 92000만원 임대료는 0만원에 전세로 거래되었습니다.,송파구 신천동에 있는 2008년에 지어진 파크리오 아파트은/는 31층 84.9m²(임대면적) 기준으로 보증금 92000만원 임대료는 0만원에 전세로 거래되었습니다.
전월세가,은평구 진관동에 있는 2009년에 지어진 마고정3단지센트레빌(323~335동)BL2-2 아파트은/는 4층 49.01m²(임대면적) 기준으로 보증금 4316만원 임대료는 29만원에 월세로 거래되었습니다.,은평구 진관동에 있는 2009년에 지어진 마고정3단지센트레빌(323~335동)BL2-2 아파트은/는 4층 49.01m²(임대면적) 기준으로 보증금 4316만원 임대료는 29만원에 월세로 거래되었습니다.
전월세가,서초구 양재동에 있는 2015년에 지어진 良才舍廊 연립다세대은/는 2층 28.28m²(임대면적) 기준으로 보증금 17000만원 임대료는 8만원에 월세로 거래되었습니다.,서초구 양재동에 있는 2015년에 지어진 良才舍廊 연립다세대은/는 2층 28.28m²(임대면적) 기준으로 보증금 17000만원 임대료는 8만원에 월세로 거래되었습니다.
전월세가,강남구 대치동에 있는 2020년에 지어진 대치트레비스타 102동 오피스텔은/는 6층 18.45m²(임대면적) 기준으로 보증금 15000만원 임대료는 35만원에 월세로 거래되었습니다.,강남구 대치동에 있는 2020년에 지어진 대치트레비스타 102동 오피스텔은/는 6층 18.45m²(임대면적) 기준으로 보증금 15000만원 임대료는 35만원에 월세로 거래되었습니다.
전월세가,강서구 화곡동에 있는 2022년에 지어진 우장산숲아이파크 아파트은/는 3층 84.99m²(임대면적) 기준으로 보증금 79000만원 임대료는 0만원에 전세로 거래되었습니다.,강서구 화곡동에 있는 2022년에 지어진 우장산숲아이파크 아파트은/는 3층 84.99m²(임대면적) 기준으로 보증금 79000만원 임대료는 0만원에 전세로 거래되었습니다.
전월세가,송파구 석촌동에 있는 2015년에 지어진 석촌호수효성해링턴타워 아파트은/는 11층 15.83m²(임대면적) 기준으로 보증금 23000만원 임대료는 0만원에 전세로 거래되었습니다.,송파구 석촌동에 있는 2015년에 지어진 석촌호수효성해링턴타워 아파트은/는 11층 15.83m²(임대면적) 기준으로 보증금 23000만원 임대료는 0만원에 전세로 거래되었습니다.
전월세가,동대문구 휘경동에 있는 2021년에 지어진 이문휘경 지웰에스테이트 오피스텔은/는 9층 17.45m²(임대면적) 기준으로 보증금 17500만원 임대료는 0만원에 전세로 거래되었습니다.,동대문구 휘경동에 있는 2021년에 지어진 이문휘경 지웰에스테이트 오피스텔은/는 9층 17.45m²(임대면적) 기준으로 보증금 17500만원 임대료는 0만원에 전세로 거래되었습니다.
전월세가,동작구 사당동에 있는 1993년에 지어진 사당우성2 아파트은/는 10층 59.89m²(임대면적) 기준으로 보증금 47000만원 임대료는 0만원에 전세로 거래되었습니다.,동작구 사당동에 있는 1993년에 지어진 사당우성2 아파트은/는 10층 59.89m²(임대면적) 기준으로 보증금 47000만원 임대료는 0만원에 전세로 거래되었습니다.
전월세가,강북구 수유동에 있는 2013년에 지어진 풀내음파크빌(558-4) 연립다세대은/는 5층 29.55m²(임대면적) 기준으로 보증금 15500만원 임대료는 0만원에 전세로 거래되었습니다.,강북구 수유동에 있는 2013년에 지어진 풀내음파크빌(558-4) 연립다세대은/는 5층 29.55m²(임대면적) 기준으로 보증금 15500만원 임대료는 0만원에 전세로 거래되었습니다.
전월세가,영등포구 당산동3가에 있는 2005년에 지어진 당산SHVILLE 아파트은/는 15층 59.87m²(임대면적) 기준으로 보증금 5301만원 임대료는 27만원에 월세로 거래되었습니다.,영등포구 당산동3가에 있는 2005년에 지어진 당산SHVILLE 아파트은/는 15층 59.87m²(임대면적) 기준으로 보증금 5301만원 임대료는 27만원에 월세로 거래되었습니다.
전월세가,관악구 신림동에 있는 2015년에 지어진 킹스타운 연립다세대은/는 5층 28.47m²(임대면적) 기준으로 보증금 19500만원 임대료는 0만원에 전세로 거래되었습니다.,관악구 신림동에 있는 2015년에 지어진 킹스타운 연립다세대은/는 5층 28.47m²(임대면적) 기준으로 보증금 19500만원 임대료는 0만원에 전세로 거래되었습니다.
전월세가,영등포구 신길동에 있는 2011년에 지어진 리치빌 연립다세대은/는 1층 20.41m²(임대면적) 기준으로 보증금 13000만원 임대료는 0만원에 전세로 거래되었습니다.,영등포구 신길동에 있는 2011년에 지어진 리치빌 연립다세대은/는 1층 20.41m²(임대면적) 기준으로 보증금 13000만원 임대료는 0만원에 전세로 거래되었습니다.
전월세가,마포구 도화동에 있는 2023년에 지어진 아너스리버마포 연립다세대은/는 3층 29.97m²(임대면적) 기준으로 보증금 30000만원 임대료는 0만원에 전세로 거래되었습니다.,마포구 도화동에 있는 2023년에 지어진 아너스리버마포 연립다세대은/는 3층 29.97m²(임대면적) 기준으로 보증금 30000만원 임대료는 0만원에 전세로 거래되었습니다.
전월세가,영등포구 신길동에 있는 2011년에 지어진 리치빌 연립다세대은/는 1층 20.41m²(임대면적) 기준으로 보증금 13000만원 임대료는 0만원에 전세로 거래되었습니다.,영등포구 신길동에 있는 2011년에 지어진 리치빌 연립다세대은/는 1층 20.41m²(임대면적) 기준으로 보증금 13000만원 임대료는 0만원에 전세로 거래되었습니다.
전월세가,관악구 신림동에 있는 1984년에 지어진  단독다가구은/는 0층 23.0m²(임대면적) 기준으로 보증금 0만원 임대료는 40만원에 월세로 거래되었습니다.,관악구 신림동에 있는 1984년에 지어진  단독다가구은/는 0층 23.0m²(임대면적) 기준으로 보증금 0만원 임대료는 40만원에 월세로 거래되었습니다.
전월세가,마포구 대흥동에 있는 2000년에 지어진 대흥동세양 아파트은/는 7층 60.0m²(임대면적) 기준으로 보증금 50000만원 임대료는 0만원에 전세로 거래되었습니다.,마포구 대흥동에 있는 2000년에 지어진 대흥동세양 아파트은/는 7층 60.0m²(임대면적) 기준으로 보증금 50000만원 임대료는 0만원에 전세로 거래되었습니다.
전월세가,동작구 사당동에 있는 2012년에 지어진  단독다가구은/는 0층 15.0m²(임대면적) 기준으로 보증금 1000만원 임대료는 35만원에 월세로 거래되었습니다.,동작구 사당동에 있는 2012년에 지어진  단독다가구은/는 0층 15.0m²(임대면적) 기준으로 보증금 1000만원 임대료는 35만원에 월세로 거래되었습니다.
전월세가,중구 신당동에 있는 1999년에 지어진 삼성 아파트은/는 8층 84.96m²(임대면적) 기준으로 보증금 65000만원 임대료는 0만원에 전세로 거래되었습니다.,중구 신당동에 있는 1999년에 지어진 삼성 아파트은/는 8층 84.96m²(임대면적) 기준으로 보증금 65000만원 임대료는 0만원에 전세로 거래되었습니다.
전월세가,"양천구 목동에 있는 2016년에 지어진 에비앙하우스(101동,102동,103동) 연립다세대은/는 6층 30.42m²(임대면적) 기준으로 보증금 5000만원 임대료는 120만원에 월세로 거래되었습니다.","양천구 목동에 있는 2016년에 지어진 에비앙하우스(101동,102동,103동) 연립다세대은/는 6층 30.42m²(임대면적) 기준으로 보증금 5000만원 임대료는 120만원에 월세로 거래되었습니다."
전월세가,강서구 화곡동에 있는 2015년에 지어진 도원솔비치 연립다세대은/는 3층 29.91m²(임대면적) 기준으로 보증금 16250만원 임대료는 0만원에 전세로 거래되었습니다.,강서구 화곡동에 있는 2015년에 지어진 도원솔비치 연립다세대은/는 3층 29.91m²(임대면적) 기준으로 보증금 16250만원 임대료는 0만원에 전세로 거래되었습니다.
전월세가,송파구 신천동에 있는 2008년에 지어진 파크리오 아파트은/는 8층 84.79m²(임대면적) 기준으로 보증금 105000만원 임대료는 0만원에 전세로 거래되었습니다.,송파구 신천동에 있는 2008년에 지어진 파크리오 아파트은/는 8층 84.79m²(임대면적) 기준으로 보증금 105000만원 임대료는 0만원에 전세로 거래되었습니다.
전월세가,서대문구 대신동에 있는 2018년에 지어진 모두가 연립다세대은/는 3층 29.78m²(임대면적) 기준으로 보증금 24400만원 임대료는 0만원에 전세로 거래되었습니다.,서대문구 대신동에 있는 2018년에 지어진 모두가 연립다세대은/는 3층 29.78m²(임대면적) 기준으로 보증금 24400만원 임대료는 0만원에 전세로 거래되었습니다.
전월세가,영등포구 당산동4가에 있는 1996년에 지어진  단독다가구은/는 0층 23.0m²(임대면적) 기준으로 보증금 15000만원 임대료는 0만원에 전세로 거래되었습니다.,영등포구 당산동4가에 있는 1996년에 지어진  단독다가구은/는 0층 23.0m²(임대면적) 기준으로 보증금 15000만원 임대료는 0만원에 전세로 거래되었습니다.
전월세가,영등포구 여의도동에 있는 1975년에 지어진 대교 아파트은/는 9층 151.74m²(임대면적) 기준으로 보증금 71400만원 임대료는 0만원에 전세로 거래되었습니다.,영등포구 여의도동에 있는 1975년에 지어진 대교 아파트은/는 9층 151.74m²(임대면적) 기준으로 보증금 71400만원 임대료는 0만원에 전세로 거래되었습니다.
전월세가,양천구 신정동에 있는 2011년에 지어진 이펜하우스1단지 아파트은/는 1층 59.9m²(임대면적) 기준으로 보증금 16016만원 임대료는 0만원에 전세로 거래되었습니다.,양천구 신정동에 있는 2011년에 지어진 이펜하우스1단지 아파트은/는 1층 59.9m²(임대면적) 기준으로 보증금 16016만원 임대료는 0만원에 전세로 거래되었습니다.
전월세가,마포구 창전동에 있는 2007년에 지어진 서강예가 아파트은/는 12층 84.99m²(임대면적) 기준으로 보증금 75000만원 임대료는 0만원에 전세로 거래되었습니다.,마포구 창전동에 있는 2007년에 지어진 서강예가 아파트은/는 12층 84.99m²(임대면적) 기준으로 보증금 75000만원 임대료는 0만원에 전세로 거래되었습니다.
전월세가,서초구 반포동에 있는 2003년에 지어진  단독다가구은/는 0층 30.0m²(임대면적) 기준으로 보증금 17000만원 임대료는 0만원에 전세로 거래되었습니다.,서초구 반포동에 있는 2003년에 지어진  단독다가구은/는 0층 30.0m²(임대면적) 기준으로 보증금 17000만원 임대료는 0만원에 전세로 거래되었습니다.
전월세가,은평구 진관동에 있는 2008년에 지어진 상림마을7단지아이파크(706~708동)BL1-3 아파트은/는 5층 59.8m²(임대면적) 기준으로 보증금 13391만원 임대료는 0만원에 전세로 거래되었습니다.,은평구 진관동에 있는 2008년에 지어진 상림마을7단지아이파크(706~708동)BL1-3 아파트은/는 5층 59.8m²(임대면적) 기준으로 보증금 13391만원 임대료는 0만원에 전세로 거래되었습니다.
전월세가,은평구 대조동에 있는 2011년에 지어진 하늘파크빌 연립다세대은/는 2층 29.99m²(임대면적) 기준으로 보증금 14000만원 임대료는 22만원에 월세로 거래되었습니다.,은평구 대조동에 있는 2011년에 지어진 하늘파크빌 연립다세대은/는 2층 29.99m²(임대면적) 기준으로 보증금 14000만원 임대료는 22만원에 월세로 거래되었습니다.
전월세가,강남구 일원동에 있는 2021년에 지어진 디에이치자이개포 아파트은/는 19층 63.76m²(임대면적) 기준으로 보증금 100000만원 임대료는 0만원에 전세로 거래되었습니다.,강남구 일원동에 있는 2021년에 지어진 디에이치자이개포 아파트은/는 19층 63.76m²(임대면적) 기준으로 보증금 100000만원 임대료는 0만원에 전세로 거래되었습니다.
전월세가,성동구 금호동1가에 있는 2019년에 지어진 이편한세상금호파크힐스 아파트은/는 9층 59.98m²(임대면적) 기준으로 보증금 73000만원 임대료는 0만원에 전세로 거래되었습니다.,성동구 금호동1가에 있는 2019년에 지어진 이편한세상금호파크힐스 아파트은/는 9층 59.98m²(임대면적) 기준으로 보증금 73000만원 임대료는 0만원에 전세로 거래되었습니다.
전월세가,영등포구 여의도동에 있는 1978년에 지어진 미성 아파트은/는 11층 101.29m²(임대면적) 기준으로 보증금 70000만원 임대료는 0만원에 전세로 거래되었습니다.,영등포구 여의도동에 있는 1978년에 지어진 미성 아파트은/는 11층 101.29m²(임대면적) 기준으로 보증금 70000만원 임대료는 0만원에 전세로 거래되었습니다.
전월세가,강서구 화곡동에 있는 2021년에 지어진 우장산역해링턴타워 아파트은/는 4층 23.68m²(임대면적) 기준으로 보증금 5680만원 임대료는 38만원에 월세로 거래되었습니다.,강서구 화곡동에 있는 2021년에 지어진 우장산역해링턴타워 아파트은/는 4층 23.68m²(임대면적) 기준으로 보증금 5680만원 임대료는 38만원에 월세로 거래되었습니다.
전월세가,강서구 등촌동에 있는 2022년에 지어진 디앤써밋모이다 연립다세대은/는 12층 20.97m²(임대면적) 기준으로 보증금 3000만원 임대료는 150만원에 월세로 거래되었습니다.,강서구 등촌동에 있는 2022년에 지어진 디앤써밋모이다 연립다세대은/는 12층 20.97m²(임대면적) 기준으로 보증금 3000만원 임대료는 150만원에 월세로 거래되었습니다.
전월세가,강동구 성내동에 있는 2020년에 지어진  단독다가구은/는 0층 30.0m²(임대면적) 기준으로 보증금 20000만원 임대료는 0만원에 전세로 거래되었습니다.,강동구 성내동에 있는 2020년에 지어진  단독다가구은/는 0층 30.0m²(임대면적) 기준으로 보증금 20000만원 임대료는 0만원에 전세로 거래되었습니다.
전월세가,서대문구 대현동에 있는 1999년에 지어진 럭키대현 아파트은/는 6층 83.38m²(임대면적) 기준으로 보증금 50000만원 임대료는 0만원에 전세로 거래되었습니다.,서대문구 대현동에 있는 1999년에 지어진 럭키대현 아파트은/는 6층 83.38m²(임대면적) 기준으로 보증금 50000만원 임대료는 0만원에 전세로 거래되었습니다.
전월세가,중랑구 신내동에 있는 2018년에 지어진 우디안4단지 아파트은/는 3층 31.85m²(임대면적) 기준으로 보증금 5670만원 임대료는 19만원에 월세로 거래되었습니다.,중랑구 신내동에 있는 2018년에 지어진 우디안4단지 아파트은/는 3층 31.85m²(임대면적) 기준으로 보증금 5670만원 임대료는 19만원에 월세로 거래되었습니다.
전월세가,서대문구 대현동에 있는 1999년에 지어진 럭키대현 아파트은/는 1층 83.38m²(임대면적) 기준으로 보증금 5000만원 임대료는 120만원에 월세로 거래되었습니다.,서대문구 대현동에 있는 1999년에 지어진 럭키대현 아파트은/는 1층 83.38m²(임대면적) 기준으로 보증금 5000만원 임대료는 120만원에 월세로 거래되었습니다.
전월세가,동작구 사당동에 있는 2007년에 지어진 에버힐 연립다세대은/는 4층 47.23m²(임대면적) 기준으로 보증금 22000만원 임대료는 0만원에 전세로 거래되었습니다.,동작구 사당동에 있는 2007년에 지어진 에버힐 연립다세대은/는 4층 47.23m²(임대면적) 기준으로 보증금 22000만원 임대료는 0만원에 전세로 거래되었습니다.
전월세가,은평구 대조동에 있는 2022년에 지어진 베르디움STAY1 아파트은/는 14층 17.73m²(임대면적) 기준으로 보증금 8500만원 임대료는 30만원에 월세로 거래되었습니다.,은평구 대조동에 있는 2022년에 지어진 베르디움STAY1 아파트은/는 14층 17.73m²(임대면적) 기준으로 보증금 8500만원 임대료는 30만원에 월세로 거래되었습니다.
전월세가,구로구 신도림동에 있는 2023년에 지어진 힐스테이트 신도림역 센트럴 오피스텔은/는 16층 29.99m²(임대면적) 기준으로 보증금 28500만원 임대료는 0만원에 전세로 거래되었습니다.,구로구 신도림동에 있는 2023년에 지어진 힐스테이트 신도림역 센트럴 오피스텔은/는 16층 29.99m²(임대면적) 기준으로 보증금 28500만원 임대료는 0만원에 전세로 거래되었습니다.
전월세가,양천구 목동에 있는 2002년에 지어진 성원파크빌 연립다세대은/는 5층 48.12m²(임대면적) 기준으로 보증금 14000만원 임대료는 0만원에 전세로 거래되었습니다.,양천구 목동에 있는 2002년에 지어진 성원파크빌 연립다세대은/는 5층 48.12m²(임대면적) 기준으로 보증금 14000만원 임대료는 0만원에 전세로 거래되었습니다.
전월세가,마포구 용강동에 있는 2008년에 지어진 참좋은빌 연립다세대은/는 4층 54.0m²(임대면적) 기준으로 보증금 27550만원 임대료는 0만원에 전세로 거래되었습니다.,마포구 용강동에 있는 2008년에 지어진 참좋은빌 연립다세대은/는 4층 54.0m²(임대면적) 기준으로 보증금 27550만원 임대료는 0만원에 전세로 거래되었습니다.
전월세가,마포구 신수동에 있는 2003년에 지어진 세양청마루 아파트은/는 3층 57.44m²(임대면적) 기준으로 보증금 50000만원 임대료는 0만원에 전세로 거래되었습니다.,마포구 신수동에 있는 2003년에 지어진 세양청마루 아파트은/는 3층 57.44m²(임대면적) 기준으로 보증금 50000만원 임대료는 0만원에 전세로 거래되었습니다.
전월세가,도봉구 방학동에 있는 2016년에 지어진 예지팰리스84차 연립다세대은/는 4층 51.29m²(임대면적) 기준으로 보증금 22000만원 임대료는 0만원에 전세로 거래되었습니다.,도봉구 방학동에 있는 2016년에 지어진 예지팰리스84차 연립다세대은/는 4층 51.29m²(임대면적) 기준으로 보증금 22000만원 임대료는 0만원에 전세로 거래되었습니다.
전월세가,은평구 신사동에 있는 1987년에 지어진 미성 아파트은/는 7층 83.27m²(임대면적) 기준으로 보증금 29000만원 임대료는 0만원에 전세로 거래되었습니다.,은평구 신사동에 있는 1987년에 지어진 미성 아파트은/는 7층 83.27m²(임대면적) 기준으로 보증금 29000만원 임대료는 0만원에 전세로 거래되었습니다.
전월세가,금천구 시흥동에 있는 2019년에 지어진 시흥다경빌 연립다세대은/는 3층 50.91m²(임대면적) 기준으로 보증금 105만원 임대료는 34만원에 월세로 거래되었습니다.,금천구 시흥동에 있는 2019년에 지어진 시흥다경빌 연립다세대은/는 3층 50.91m²(임대면적) 기준으로 보증금 105만원 임대료는 34만원에 월세로 거래되었습니다.
전월세가,송파구 잠실동에 있는 2002년에 지어진 성원빌라(249-7) 연립다세대은/는 2층 29.2m²(임대면적) 기준으로 보증금 22500만원 임대료는 0만원에 전세로 거래되었습니다.,송파구 잠실동에 있는 2002년에 지어진 성원빌라(249-7) 연립다세대은/는 2층 29.2m²(임대면적) 기준으로 보증금 22500만원 임대료는 0만원에 전세로 거래되었습니다.
전월세가,강서구 마곡동에 있는 2015년에 지어진 엠코지니어스타 오피스텔은/는 13층 26.28m²(임대면적) 기준으로 보증금 1000만원 임대료는 69만원에 월세로 거래되었습니다.,강서구 마곡동에 있는 2015년에 지어진 엠코지니어스타 오피스텔은/는 13층 26.28m²(임대면적) 기준으로 보증금 1000만원 임대료는 69만원에 월세로 거래되었습니다.
전월세가,서초구 반포동에 있는 2009년에 지어진 래미안퍼스티지 아파트은/는 6층 168.65m²(임대면적) 기준으로 보증금 200000만원 임대료는 300만원에 월세로 거래되었습니다.,서초구 반포동에 있는 2009년에 지어진 래미안퍼스티지 아파트은/는 6층 168.65m²(임대면적) 기준으로 보증금 200000만원 임대료는 300만원에 월세로 거래되었습니다.
전월세가,성동구 금호동2가에 있는 2016년에 지어진 신금호파크자이 아파트은/는 15층 59.98m²(임대면적) 기준으로 보증금 70000만원 임대료는 0만원에 전세로 거래되었습니다.,성동구 금호동2가에 있는 2016년에 지어진 신금호파크자이 아파트은/는 15층 59.98m²(임대면적) 기준으로 보증금 70000만원 임대료는 0만원에 전세로 거래되었습니다.
전월세가,중랑구 면목동에 있는 2020년에 지어진 베아트리스 연립다세대은/는 3층 29.14m²(임대면적) 기준으로 보증금 23000만원 임대료는 0만원에 전세로 거래되었습니다.,중랑구 면목동에 있는 2020년에 지어진 베아트리스 연립다세대은/는 3층 29.14m²(임대면적) 기준으로 보증금 23000만원 임대료는 0만원에 전세로 거래되었습니다.
전월세가,노원구 하계동에 있는 1999년에 지어진 학여울청구 아파트은/는 13층 84.77m²(임대면적) 기준으로 보증금 42000만원 임대료는 0만원에 전세로 거래되었습니다.,노원구 하계동에 있는 1999년에 지어진 학여울청구 아파트은/는 13층 84.77m²(임대면적) 기준으로 보증금 42000만원 임대료는 0만원에 전세로 거래되었습니다.
전월세가,양천구 신월동에 있는 1985년에 지어진 서울가든 아파트은/는 7층 100.8m²(임대면적) 기준으로 보증금 43000만원 임대료는 0만원에 전세로 거래되었습니다.,양천구 신월동에 있는 1985년에 지어진 서울가든 아파트은/는 7층 100.8m²(임대면적) 기준으로 보증금 43000만원 임대료는 0만원에 전세로 거래되었습니다.
전월세가,송파구 신천동에 있는 2008년에 지어진 파크리오 아파트은/는 26층 59.86m²(임대면적) 기준으로 보증금 82000만원 임대료는 0만원에 전세로 거래되었습니다.,송파구 신천동에 있는 2008년에 지어진 파크리오 아파트은/는 26층 59.86m²(임대면적) 기준으로 보증금 82000만원 임대료는 0만원에 전세로 거래되었습니다.
전월세가,중랑구 상봉동에 있는 1999년에 지어진 동부아파트 아파트은/는 9층 54.0m²(임대면적) 기준으로 보증금 31000만원 임대료는 0만원에 전세로 거래되었습니다.,중랑구 상봉동에 있는 1999년에 지어진 동부아파트 아파트은/는 9층 54.0m²(임대면적) 기준으로 보증금 31000만원 임대료는 0만원에 전세로 거래되었습니다.
전월세가,중랑구 신내동에 있는 2013년에 지어진 신내 데시앙포레 아파트은/는 4층 59.6m²(임대면적) 기준으로 보증금 9636만원 임대료는 15만원에 월세로 거래되었습니다.,중랑구 신내동에 있는 2013년에 지어진 신내 데시앙포레 아파트은/는 4층 59.6m²(임대면적) 기준으로 보증금 9636만원 임대료는 15만원에 월세로 거래되었습니다.
전월세가,노원구 상계동에 있는 1988년에 지어진 상계주공4(고층) 아파트은/는 14층 84.2m²(임대면적) 기준으로 보증금 32000만원 임대료는 0만원에 전세로 거래되었습니다.,노원구 상계동에 있는 1988년에 지어진 상계주공4(고층) 아파트은/는 14층 84.2m²(임대면적) 기준으로 보증금 32000만원 임대료는 0만원에 전세로 거래되었습니다.
전월세가,중랑구 신내동에 있는 2013년에 지어진 신내 데시앙포레 아파트은/는 14층 59.6m²(임대면적) 기준으로 보증금 9636만원 임대료는 15만원에 월세로 거래되었습니다.,중랑구 신내동에 있는 2013년에 지어진 신내 데시앙포레 아파트은/는 14층 59.6m²(임대면적) 기준으로 보증금 9636만원 임대료는 15만원에 월세로 거래되었습니다.
전월세가,양천구 신정동에 있는 1987년에 지어진 목동신시가지9 아파트은/는 13층 106.93m²(임대면적) 기준으로 보증금 75000만원 임대료는 0만원에 전세로 거래되었습니다.,양천구 신정동에 있는 1987년에 지어진 목동신시가지9 아파트은/는 13층 106.93m²(임대면적) 기준으로 보증금 75000만원 임대료는 0만원에 전세로 거래되었습니다.
전월세가,도봉구 도봉동에 있는 1995년에 지어진 한신 아파트은/는 16층 84.94m²(임대면적) 기준으로 보증금 35000만원 임대료는 0만원에 전세로 거래되었습니다.,도봉구 도봉동에 있는 1995년에 지어진 한신 아파트은/는 16층 84.94m²(임대면적) 기준으로 보증금 35000만원 임대료는 0만원에 전세로 거래되었습니다.
전월세가,중랑구 묵동에 있는 2013년에 지어진 묵동포레시타 아파트은/는 2층 18.59m²(임대면적) 기준으로 보증금 12500만원 임대료는 0만원에 전세로 거래되었습니다.,중랑구 묵동에 있는 2013년에 지어진 묵동포레시타 아파트은/는 2층 18.59m²(임대면적) 기준으로 보증금 12500만원 임대료는 0만원에 전세로 거래되었습니다.
전월세가,강서구 화곡동에 있는 2002년에 지어진 하나타운(158-38) 연립다세대은/는 3층 60.55m²(임대면적) 기준으로 보증금 19000만원 임대료는 0만원에 전세로 거래되었습니다.,강서구 화곡동에 있는 2002년에 지어진 하나타운(158-38) 연립다세대은/는 3층 60.55m²(임대면적) 기준으로 보증금 19000만원 임대료는 0만원에 전세로 거래되었습니다.
전월세가,성동구 응봉동에 있는 1986년에 지어진 대림(1차) 아파트은/는 15층 75.51m²(임대면적) 기준으로 보증금 36700만원 임대료는 0만원에 전세로 거래되었습니다.,성동구 응봉동에 있는 1986년에 지어진 대림(1차) 아파트은/는 15층 75.51m²(임대면적) 기준으로 보증금 36700만원 임대료는 0만원에 전세로 거래되었습니다.
전월세가,영등포구 도림동에 있는 2019년에 지어진  단독다가구은/는 0층 30.0m²(임대면적) 기준으로 보증금 10000만원 임대료는 50만원에 월세로 거래되었습니다.,영등포구 도림동에 있는 2019년에 지어진  단독다가구은/는 0층 30.0m²(임대면적) 기준으로 보증금 10000만원 임대료는 50만원에 월세로 거래되었습니다.
전월세가,서대문구 현저동에 있는 1998년에 지어진 독립문극동(200-0) 아파트은/는 9층 59.58m²(임대면적) 기준으로 보증금 50000만원 임대료는 0만원에 전세로 거래되었습니다.,서대문구 현저동에 있는 1998년에 지어진 독립문극동(200-0) 아파트은/는 9층 59.58m²(임대면적) 기준으로 보증금 50000만원 임대료는 0만원에 전세로 거래되었습니다.
전월세가,관악구 봉천동에 있는 2017년에 지어진 햇빛(180-360) 연립다세대은/는 3층 15.0m²(임대면적) 기준으로 보증금 2000만원 임대료는 22만원에 월세로 거래되었습니다.,관악구 봉천동에 있는 2017년에 지어진 햇빛(180-360) 연립다세대은/는 3층 15.0m²(임대면적) 기준으로 보증금 2000만원 임대료는 22만원에 월세로 거래되었습니다.
전월세가,동대문구 전농동에 있는 2022년에 지어진 더하이브 연립다세대은/는 4층 29.32m²(임대면적) 기준으로 보증금 25000만원 임대료는 0만원에 전세로 거래되었습니다.,동대문구 전농동에 있는 2022년에 지어진 더하이브 연립다세대은/는 4층 29.32m²(임대면적) 기준으로 보증금 25000만원 임대료는 0만원에 전세로 거래되었습니다.
전월세가,노원구 월계동에 있는 1989년에 지어진 태광B동(402-55) 연립다세대은/는 1층 54.6m²(임대면적) 기준으로 보증금 18000만원 임대료는 0만원에 전세로 거래되었습니다.,노원구 월계동에 있는 1989년에 지어진 태광B동(402-55) 연립다세대은/는 1층 54.6m²(임대면적) 기준으로 보증금 18000만원 임대료는 0만원에 전세로 거래되었습니다.
전월세가,서초구 반포동에 있는 2010년에 지어진 반포리체 아파트은/는 20층 84.97m²(임대면적) 기준으로 보증금 42000만원 임대료는 290만원에 월세로 거래되었습니다.,서초구 반포동에 있는 2010년에 지어진 반포리체 아파트은/는 20층 84.97m²(임대면적) 기준으로 보증금 42000만원 임대료는 290만원에 월세로 거래되었습니다.
전월세가,노원구 하계동에 있는 1989년에 지어진 장미(시영6) 아파트은/는 10층 64.62m²(임대면적) 기준으로 보증금 3000만원 임대료는 74만원에 월세로 거래되었습니다.,노원구 하계동에 있는 1989년에 지어진 장미(시영6) 아파트은/는 10층 64.62m²(임대면적) 기준으로 보증금 3000만원 임대료는 74만원에 월세로 거래되었습니다.
전월세가,중랑구 묵동에 있는 2013년에 지어진 묵동포레시타 아파트은/는 2층 18.59m²(임대면적) 기준으로 보증금 12500만원 임대료는 0만원에 전세로 거래되었습니다.,중랑구 묵동에 있는 2013년에 지어진 묵동포레시타 아파트은/는 2층 18.59m²(임대면적) 기준으로 보증금 12500만원 임대료는 0만원에 전세로 거래되었습니다.
전월세가,송파구 잠실동에 있는 2008년에 지어진 잠실엘스 아파트은/는 7층 59.96m²(임대면적) 기준으로 보증금 50000만원 임대료는 160만원에 월세로 거래되었습니다.,송파구 잠실동에 있는 2008년에 지어진 잠실엘스 아파트은/는 7층 59.96m²(임대면적) 기준으로 보증금 50000만원 임대료는 160만원에 월세로 거래되었습니다.
전월세가,송파구 방이동에 있는 년에 지어진 대명벨리온 오피스텔은/는 6층 17.12m²(임대면적) 기준으로 보증금 1000만원 임대료는 80만원에 월세로 거래되었습니다.,송파구 방이동에 있는 년에 지어진 대명벨리온 오피스텔은/는 6층 17.12m²(임대면적) 기준으로 보증금 1000만원 임대료는 80만원에 월세로 거래되었습니다.
전월세가,영등포구 영등포동에 있는 1993년에 지어진  단독다가구은/는 0층 30.0m²(임대면적) 기준으로 보증금 200만원 임대료는 52만원에 월세로 거래되었습니다.,영등포구 영등포동에 있는 1993년에 지어진  단독다가구은/는 0층 30.0m²(임대면적) 기준으로 보증금 200만원 임대료는 52만원에 월세로 거래되었습니다.
전월세가,송파구 마천동에 있는 2011년에 지어진 송파파크데일1단지 아파트은/는 7층 59.91m²(임대면적) 기준으로 보증금 8933만원 임대료는 14만원에 월세로 거래되었습니다.,송파구 마천동에 있는 2011년에 지어진 송파파크데일1단지 아파트은/는 7층 59.91m²(임대면적) 기준으로 보증금 8933만원 임대료는 14만원에 월세로 거래되었습니다.
전월세가,용산구 청파동2가에 있는 1993년에 지어진  단독다가구은/는 0층 19.8m²(임대면적) 기준으로 보증금 500만원 임대료는 30만원에 월세로 거래되었습니다.,용산구 청파동2가에 있는 1993년에 지어진  단독다가구은/는 0층 19.8m²(임대면적) 기준으로 보증금 500만원 임대료는 30만원에 월세로 거래되었습니다.
전월세가,강남구 도곡동에 있는 2006년에 지어진 도곡렉슬 아파트은/는 9층 59.98m²(임대면적) 기준으로 보증금 45000만원 임대료는 160만원에 월세로 거래되었습니다.,강남구 도곡동에 있는 2006년에 지어진 도곡렉슬 아파트은/는 9층 59.98m²(임대면적) 기준으로 보증금 45000만원 임대료는 160만원에 월세로 거래되었습니다.
전월세가,은평구 구산동에 있는 2002년에 지어진 이노컨스빌104 연립다세대은/는 2층 62.3m²(임대면적) 기준으로 보증금 10000만원 임대료는 45만원에 월세로 거래되었습니다.,은평구 구산동에 있는 2002년에 지어진 이노컨스빌104 연립다세대은/는 2층 62.3m²(임대면적) 기준으로 보증금 10000만원 임대료는 45만원에 월세로 거래되었습니다.
전월세가,동작구 상도동에 있는 2021년에 지어진 상도역롯데캐슬파크엘 아파트은/는 20층 85.0m²(임대면적) 기준으로 보증금 40000만원 임대료는 150만원에 월세로 거래되었습니다.,동작구 상도동에 있는 2021년에 지어진 상도역롯데캐슬파크엘 아파트은/는 20층 85.0m²(임대면적) 기준으로 보증금 40000만원 임대료는 150만원에 월세로 거래되었습니다.
전월세가,강동구 천호동에 있는 2019년에 지어진 집앤사스윗사이드아파트 아파트은/는 3층 14.02m²(임대면적) 기준으로 보증금 18500만원 임대료는 0만원에 전세로 거래되었습니다.,강동구 천호동에 있는 2019년에 지어진 집앤사스윗사이드아파트 아파트은/는 3층 14.02m²(임대면적) 기준으로 보증금 18500만원 임대료는 0만원에 전세로 거래되었습니다.
전월세가,노원구 상계동에 있는 1987년에 지어진 상계주공3(고층) 아파트은/는 13층 59.2m²(임대면적) 기준으로 보증금 26000만원 임대료는 0만원에 전세로 거래되었습니다.,노원구 상계동에 있는 1987년에 지어진 상계주공3(고층) 아파트은/는 13층 59.2m²(임대면적) 기준으로 보증금 26000만원 임대료는 0만원에 전세로 거래되었습니다.
전월세가,은평구 구산동에 있는 2017년에 지어진 헤렌하우스 연립다세대은/는 3층 29.85m²(임대면적) 기준으로 보증금 16000만원 임대료는 12만원에 월세로 거래되었습니다.,은평구 구산동에 있는 2017년에 지어진 헤렌하우스 연립다세대은/는 3층 29.85m²(임대면적) 기준으로 보증금 16000만원 임대료는 12만원에 월세로 거래되었습니다.
전월세가,마포구 망원동에 있는 2013년에 지어진 새소망교회 연립다세대은/는 4층 41.22m²(임대면적) 기준으로 보증금 22000만원 임대료는 0만원에 전세로 거래되었습니다.,마포구 망원동에 있는 2013년에 지어진 새소망교회 연립다세대은/는 4층 41.22m²(임대면적) 기준으로 보증금 22000만원 임대료는 0만원에 전세로 거래되었습니다.
전월세가,송파구 석촌동에 있는 2014년에 지어진 트윈캐슬A동 연립다세대은/는 2층 29.1m²(임대면적) 기준으로 보증금 25000만원 임대료는 0만원에 전세로 거래되었습니다.,송파구 석촌동에 있는 2014년에 지어진 트윈캐슬A동 연립다세대은/는 2층 29.1m²(임대면적) 기준으로 보증금 25000만원 임대료는 0만원에 전세로 거래되었습니다.
전월세가,강서구 내발산동에 있는 2007년에 지어진 마곡수명산파크2단지 아파트은/는 10층 59.84m²(임대면적) 기준으로 보증금 11650만원 임대료는 0만원에 전세로 거래되었습니다.,강서구 내발산동에 있는 2007년에 지어진 마곡수명산파크2단지 아파트은/는 10층 59.84m²(임대면적) 기준으로 보증금 11650만원 임대료는 0만원에 전세로 거래되었습니다.
전월세가,광진구 중곡동에 있는 2019년에 지어진 진영 연립다세대은/는 3층 29.94m²(임대면적) 기준으로 보증금 20000만원 임대료는 22만원에 월세로 거래되었습니다.,광진구 중곡동에 있는 2019년에 지어진 진영 연립다세대은/는 3층 29.94m²(임대면적) 기준으로 보증금 20000만원 임대료는 22만원에 월세로 거래되었습니다.
전월세가,중랑구 신내동에 있는 2001년에 지어진 동광오뜨빌 아파트은/는 8층 79.17m²(임대면적) 기준으로 보증금 8000만원 임대료는 60만원에 월세로 거래되었습니다.,중랑구 신내동에 있는 2001년에 지어진 동광오뜨빌 아파트은/는 8층 79.17m²(임대면적) 기준으로 보증금 8000만원 임대료는 60만원에 월세로 거래되었습니다.
전월세가,영등포구 신길동에 있는 1983년에 지어진 우창 아파트은/는 5층 55.9m²(임대면적) 기준으로 보증금 25000만원 임대료는 0만원에 전세로 거래되었습니다.,영등포구 신길동에 있는 1983년에 지어진 우창 아파트은/는 5층 55.9m²(임대면적) 기준으로 보증금 25000만원 임대료는 0만원에 전세로 거래되었습니다.
전월세가,종로구 신영동에 있는 1998년에 지어진 대아파크빌 아파트은/는 3층 84.84m²(임대면적) 기준으로 보증금 32000만원 임대료는 0만원에 전세로 거래되었습니다.,종로구 신영동에 있는 1998년에 지어진 대아파크빌 아파트은/는 3층 84.84m²(임대면적) 기준으로 보증금 32000만원 임대료는 0만원에 전세로 거래되었습니다.
전월세가,강북구 수유동에 있는 2015년에 지어진  단독다가구은/는 0층 10.0m²(임대면적) 기준으로 보증금 100만원 임대료는 27만원에 월세로 거래되었습니다.,강북구 수유동에 있는 2015년에 지어진  단독다가구은/는 0층 10.0m²(임대면적) 기준으로 보증금 100만원 임대료는 27만원에 월세로 거래되었습니다.
전월세가,성동구 성수동2가에 있는 2004년에 지어진 서울숲금강아미움 아파트은/는 6층 80.89m²(임대면적) 기준으로 보증금 60000만원 임대료는 0만원에 전세로 거래되었습니다.,성동구 성수동2가에 있는 2004년에 지어진 서울숲금강아미움 아파트은/는 6층 80.89m²(임대면적) 기준으로 보증금 60000만원 임대료는 0만원에 전세로 거래되었습니다.
전월세가,노원구 하계동에 있는 1988년에 지어진 한신1 아파트은/는 14층 27.0m²(임대면적) 기준으로 보증금 3000만원 임대료는 37만원에 월세로 거래되었습니다.,노원구 하계동에 있는 1988년에 지어진 한신1 아파트은/는 14층 27.0m²(임대면적) 기준으로 보증금 3000만원 임대료는 37만원에 월세로 거래되었습니다.
전월세가,송파구 문정동에 있는 2004년에 지어진 문정래미안 아파트은/는 3층 120.97m²(임대면적) 기준으로 보증금 20000만원 임대료는 220만원에 월세로 거래되었습니다.,송파구 문정동에 있는 2004년에 지어진 문정래미안 아파트은/는 3층 120.97m²(임대면적) 기준으로 보증금 20000만원 임대료는 220만원에 월세로 거래되었습니다.
전월세가,송파구 잠실동에 있는 2002년에 지어진 태성빌 연립다세대은/는 3층 47.02m²(임대면적) 기준으로 보증금 18000만원 임대료는 1만원에 월세로 거래되었습니다.,송파구 잠실동에 있는 2002년에 지어진 태성빌 연립다세대은/는 3층 47.02m²(임대면적) 기준으로 보증금 18000만원 임대료는 1만원에 월세로 거래되었습니다.
전월세가,마포구 성산동에 있는 2017년에 지어진 벽산상암스마트큐브 오피스텔은/는 14층 20.74m²(임대면적) 기준으로 보증금 3200만원 임대료는 60만원에 월세로 거래되었습니다.,마포구 성산동에 있는 2017년에 지어진 벽산상암스마트큐브 오피스텔은/는 14층 20.74m²(임대면적) 기준으로 보증금 3200만원 임대료는 60만원에 월세로 거래되었습니다.
전월세가,금천구 시흥동에 있는 2016년에 지어진 진성빌(243-11) 연립다세대은/는 2층 41.24m²(임대면적) 기준으로 보증금 14500만원 임대료는 0만원에 전세로 거래되었습니다.,금천구 시흥동에 있는 2016년에 지어진 진성빌(243-11) 연립다세대은/는 2층 41.24m²(임대면적) 기준으로 보증금 14500만원 임대료는 0만원에 전세로 거래되었습니다.
전월세가,중구 황학동에 있는 2019년에 지어진 소미골드라인(101동) 연립다세대은/는 9층 26.28m²(임대면적) 기준으로 보증금 25000만원 임대료는 9만원에 월세로 거래되었습니다.,중구 황학동에 있는 2019년에 지어진 소미골드라인(101동) 연립다세대은/는 9층 26.28m²(임대면적) 기준으로 보증금 25000만원 임대료는 9만원에 월세로 거래되었습니다.
전월세가,송파구 방이동에 있는 1988년에 지어진 올림픽선수기자촌3단지 아파트은/는 2층 83.06m²(임대면적) 기준으로 보증금 68250만원 임대료는 30만원에 월세로 거래되었습니다.,송파구 방이동에 있는 1988년에 지어진 올림픽선수기자촌3단지 아파트은/는 2층 83.06m²(임대면적) 기준으로 보증금 68250만원 임대료는 30만원에 월세로 거래되었습니다.
전월세가,은평구 응암동에 있는 2020년에 지어진 백련산에스케이뷰아이파크 아파트은/는 18층 40.65m²(임대면적) 기준으로 보증금 2700만원 임대료는 16만원에 월세로 거래되었습니다.,은평구 응암동에 있는 2020년에 지어진 백련산에스케이뷰아이파크 아파트은/는 18층 40.65m²(임대면적) 기준으로 보증금 2700만원 임대료는 16만원에 월세로 거래되었습니다.
전월세가,구로구 고척동에 있는 1999년에 지어진 청구 아파트은/는 15층 59.94m²(임대면적) 기준으로 보증금 31000만원 임대료는 0만원에 전세로 거래되었습니다.,구로구 고척동에 있는 1999년에 지어진 청구 아파트은/는 15층 59.94m²(임대면적) 기준으로 보증금 31000만원 임대료는 0만원에 전세로 거래되었습니다.
전월세가,송파구 삼전동에 있는 2003년에 지어진 대성빌딩(73-10) 연립다세대은/는 4층 54.51m²(임대면적) 기준으로 보증금 23000만원 임대료는 25만원에 월세로 거래되었습니다.,송파구 삼전동에 있는 2003년에 지어진 대성빌딩(73-10) 연립다세대은/는 4층 54.51m²(임대면적) 기준으로 보증금 23000만원 임대료는 25만원에 월세로 거래되었습니다.
전월세가,송파구 가락동에 있는 2018년에 지어진 헬리오시티 아파트은/는 20층 39.17m²(임대면적) 기준으로 보증금 14408만원 임대료는 19만원에 월세로 거래되었습니다.,송파구 가락동에 있는 2018년에 지어진 헬리오시티 아파트은/는 20층 39.17m²(임대면적) 기준으로 보증금 14408만원 임대료는 19만원에 월세로 거래되었습니다.
전월세가,서초구 반포동에 있는 2023년에 지어진 래미안원베일리 아파트은/는 11층 84.98m²(임대면적) 기준으로 보증금 155000만원 임대료는 0만원에 전세로 거래되었습니다.,서초구 반포동에 있는 2023년에 지어진 래미안원베일리 아파트은/는 11층 84.98m²(임대면적) 기준으로 보증금 155000만원 임대료는 0만원에 전세로 거래되었습니다.
전월세가,강동구 천호동에 있는 2019년에 지어진  단독다가구은/는 0층 15.74m²(임대면적) 기준으로 보증금 100만원 임대료는 20만원에 월세로 거래되었습니다.,강동구 천호동에 있는 2019년에 지어진  단독다가구은/는 0층 15.74m²(임대면적) 기준으로 보증금 100만원 임대료는 20만원에 월세로 거래되었습니다.
전월세가,동작구 상도동에 있는 2004년에 지어진 래미안상도3차 아파트은/는 11층 114.97m²(임대면적) 기준으로 보증금 15000만원 임대료는 270만원에 월세로 거래되었습니다.,동작구 상도동에 있는 2004년에 지어진 래미안상도3차 아파트은/는 11층 114.97m²(임대면적) 기준으로 보증금 15000만원 임대료는 270만원에 월세로 거래되었습니다.
전월세가,강동구 둔촌동에 있는 2014년에 지어진 오앤하우스 연립다세대은/는 8층 18.74m²(임대면적) 기준으로 보증금 3000만원 임대료는 60만원에 월세로 거래되었습니다.,강동구 둔촌동에 있는 2014년에 지어진 오앤하우스 연립다세대은/는 8층 18.74m²(임대면적) 기준으로 보증금 3000만원 임대료는 60만원에 월세로 거래되었습니다.
전월세가,동작구 대방동에 있는 2021년에 지어진 보라매센트럴타운 아파트은/는 4층 17.32m²(임대면적) 기준으로 보증금 100만원 임대료는 36만원에 월세로 거래되었습니다.,동작구 대방동에 있는 2021년에 지어진 보라매센트럴타운 아파트은/는 4층 17.32m²(임대면적) 기준으로 보증금 100만원 임대료는 36만원에 월세로 거래되었습니다.
전월세가,송파구 방이동에 있는 1988년에 지어진 올림픽선수기자촌2단지 아파트은/는 1층 120.42m²(임대면적) 기준으로 보증금 97650만원 임대료는 0만원에 전세로 거래되었습니다.,송파구 방이동에 있는 1988년에 지어진 올림픽선수기자촌2단지 아파트은/는 1층 120.42m²(임대면적) 기준으로 보증금 97650만원 임대료는 0만원에 전세로 거래되었습니다.
전월세가,서초구 잠원동에 있는 2002년에 지어진 동아 아파트은/는 10층 84.91m²(임대면적) 기준으로 보증금 10000만원 임대료는 320만원에 월세로 거래되었습니다.,서초구 잠원동에 있는 2002년에 지어진 동아 아파트은/는 10층 84.91m²(임대면적) 기준으로 보증금 10000만원 임대료는 320만원에 월세로 거래되었습니다.
전월세가,중랑구 신내동에 있는 1996년에 지어진 신내11대명 아파트은/는 7층 39.76m²(임대면적) 기준으로 보증금 2000만원 임대료는 70만원에 월세로 거래되었습니다.,중랑구 신내동에 있는 1996년에 지어진 신내11대명 아파트은/는 7층 39.76m²(임대면적) 기준으로 보증금 2000만원 임대료는 70만원에 월세로 거래되었습니다.
전월세가,성동구 성수동2가에 있는 2013년에 지어진 성수동램킨중흥S클래스오피스텔 오피스텔은/는 6층 18.33m²(임대면적) 기준으로 보증금 3000만원 임대료는 60만원에 월세로 거래되었습니다.,성동구 성수동2가에 있는 2013년에 지어진 성수동램킨중흥S클래스오피스텔 오피스텔은/는 6층 18.33m²(임대면적) 기준으로 보증금 3000만원 임대료는 60만원에 월세로 거래되었습니다.
전월세가,송파구 잠실동에 있는 2007년에 지어진 트리지움 아파트은/는 10층 59.88m²(임대면적) 기준으로 보증금 79300만원 임대료는 0만원에 전세로 거래되었습니다.,송파구 잠실동에 있는 2007년에 지어진 트리지움 아파트은/는 10층 59.88m²(임대면적) 기준으로 보증금 79300만원 임대료는 0만원에 전세로 거래되었습니다.
전월세가,송파구 풍납동에 있는 2002년에 지어진 무명 연립다세대은/는 4층 84.93m²(임대면적) 기준으로 보증금 23000만원 임대료는 0만원에 전세로 거래되었습니다.,송파구 풍납동에 있는 2002년에 지어진 무명 연립다세대은/는 4층 84.93m²(임대면적) 기준으로 보증금 23000만원 임대료는 0만원에 전세로 거래되었습니다.
전월세가,양천구 신정동에 있는 2011년에 지어진 이펜하우스1단지 아파트은/는 5층 59.93m²(임대면적) 기준으로 보증금 14681만원 임대료는 0만원에 전세로 거래되었습니다.,양천구 신정동에 있는 2011년에 지어진 이펜하우스1단지 아파트은/는 5층 59.93m²(임대면적) 기준으로 보증금 14681만원 임대료는 0만원에 전세로 거래되었습니다.
전월세가,강남구 자곡동에 있는 2014년에 지어진 래미안포레 아파트은/는 4층 59.97m²(임대면적) 기준으로 보증금 35250만원 임대료는 0만원에 전세로 거래되었습니다.,강남구 자곡동에 있는 2014년에 지어진 래미안포레 아파트은/는 4층 59.97m²(임대면적) 기준으로 보증금 35250만원 임대료는 0만원에 전세로 거래되었습니다.
전월세가,동작구 신대방동에 있는 1988년에 지어진 우성1 아파트은/는 11층 127.02m²(임대면적) 기준으로 보증금 65000만원 임대료는 0만원에 전세로 거래되었습니다.,동작구 신대방동에 있는 1988년에 지어진 우성1 아파트은/는 11층 127.02m²(임대면적) 기준으로 보증금 65000만원 임대료는 0만원에 전세로 거래되었습니다.
전월세가,강동구 암사동에 있는 2008년에 지어진 롯데캐슬퍼스트 아파트은/는 14층 84.98m²(임대면적) 기준으로 보증금 70000만원 임대료는 0만원에 전세로 거래되었습니다.,강동구 암사동에 있는 2008년에 지어진 롯데캐슬퍼스트 아파트은/는 14층 84.98m²(임대면적) 기준으로 보증금 70000만원 임대료는 0만원에 전세로 거래되었습니다.
전월세가,구로구 신도림동에 있는 2023년에 지어진 힐스테이트 신도림역 센트럴 오피스텔은/는 10층 18.15m²(임대면적) 기준으로 보증금 1000만원 임대료는 80만원에 월세로 거래되었습니다.,구로구 신도림동에 있는 2023년에 지어진 힐스테이트 신도림역 센트럴 오피스텔은/는 10층 18.15m²(임대면적) 기준으로 보증금 1000만원 임대료는 80만원에 월세로 거래되었습니다.
전월세가,성동구 성수동1가에 있는 2003년에 지어진 성수동 뉴타운오피스텔 오피스텔은/는 7층 32.39m²(임대면적) 기준으로 보증금 20000만원 임대료는 20만원에 월세로 거래되었습니다.,성동구 성수동1가에 있는 2003년에 지어진 성수동 뉴타운오피스텔 오피스텔은/는 7층 32.39m²(임대면적) 기준으로 보증금 20000만원 임대료는 20만원에 월세로 거래되었습니다.
전월세가,강동구 천호동에 있는 2017년에 지어진 예가풍경채 연립다세대은/는 2층 23.0m²(임대면적) 기준으로 보증금 17325만원 임대료는 0만원에 전세로 거래되었습니다.,강동구 천호동에 있는 2017년에 지어진 예가풍경채 연립다세대은/는 2층 23.0m²(임대면적) 기준으로 보증금 17325만원 임대료는 0만원에 전세로 거래되었습니다.
전월세가,마포구 성산동에 있는 1986년에 지어진 성산시영(유원) 아파트은/는 13층 59.43m²(임대면적) 기준으로 보증금 28000만원 임대료는 0만원에 전세로 거래되었습니다.,마포구 성산동에 있는 1986년에 지어진 성산시영(유원) 아파트은/는 13층 59.43m²(임대면적) 기준으로 보증금 28000만원 임대료는 0만원에 전세로 거래되었습니다.
전월세가,동작구 신대방동에 있는 1988년에 지어진 우성1 아파트은/는 20층 127.02m²(임대면적) 기준으로 보증금 35000만원 임대료는 100만원에 월세로 거래되었습니다.,동작구 신대방동에 있는 1988년에 지어진 우성1 아파트은/는 20층 127.02m²(임대면적) 기준으로 보증금 35000만원 임대료는 100만원에 월세로 거래되었습니다.
전월세가,마포구 성산동에 있는 1986년에 지어진 성산시영(유원) 아파트은/는 4층 59.43m²(임대면적) 기준으로 보증금 31970만원 임대료는 0만원에 전세로 거래되었습니다.,마포구 성산동에 있는 1986년에 지어진 성산시영(유원) 아파트은/는 4층 59.43m²(임대면적) 기준으로 보증금 31970만원 임대료는 0만원에 전세로 거래되었습니다.
전월세가,영등포구 신길동에 있는 2021년에 지어진 어반스테이트 연립다세대은/는 2층 27.02m²(임대면적) 기준으로 보증금 22600만원 임대료는 0만원에 전세로 거래되었습니다.,영등포구 신길동에 있는 2021년에 지어진 어반스테이트 연립다세대은/는 2층 27.02m²(임대면적) 기준으로 보증금 22600만원 임대료는 0만원에 전세로 거래되었습니다.
전월세가,중랑구 상봉동에 있는 2019년에 지어진 솔렌시아5 아파트은/는 8층 17.98m²(임대면적) 기준으로 보증금 4000만원 임대료는 19만원에 월세로 거래되었습니다.,중랑구 상봉동에 있는 2019년에 지어진 솔렌시아5 아파트은/는 8층 17.98m²(임대면적) 기준으로 보증금 4000만원 임대료는 19만원에 월세로 거래되었습니다.
전월세가,양천구 신정동에 있는 2011년에 지어진 이펜하우스1단지 아파트은/는 4층 59.93m²(임대면적) 기준으로 보증금 13347만원 임대료는 0만원에 전세로 거래되었습니다.,양천구 신정동에 있는 2011년에 지어진 이펜하우스1단지 아파트은/는 4층 59.93m²(임대면적) 기준으로 보증금 13347만원 임대료는 0만원에 전세로 거래되었습니다.
전월세가,강남구 대치동에 있는 2015년에 지어진 래미안대치팰리스 아파트은/는 20층 114.15m²(임대면적) 기준으로 보증금 255000만원 임대료는 0만원에 전세로 거래되었습니다.,강남구 대치동에 있는 2015년에 지어진 래미안대치팰리스 아파트은/는 20층 114.15m²(임대면적) 기준으로 보증금 255000만원 임대료는 0만원에 전세로 거래되었습니다.
전월세가,중랑구 상봉동에 있는 1988년에 지어진  단독다가구은/는 0층 24.64m²(임대면적) 기준으로 보증금 200만원 임대료는 30만원에 월세로 거래되었습니다.,중랑구 상봉동에 있는 1988년에 지어진  단독다가구은/는 0층 24.64m²(임대면적) 기준으로 보증금 200만원 임대료는 30만원에 월세로 거래되었습니다.
전월세가,강서구 염창동에 있는 1999년에 지어진 동아3 아파트은/는 2층 59.83m²(임대면적) 기준으로 보증금 45000만원 임대료는 0만원에 전세로 거래되었습니다.,강서구 염창동에 있는 1999년에 지어진 동아3 아파트은/는 2층 59.83m²(임대면적) 기준으로 보증금 45000만원 임대료는 0만원에 전세로 거래되었습니다.
전월세가,용산구 문배동에 있는 2013년에 지어진 용산큐브 오피스텔은/는 12층 17.46m²(임대면적) 기준으로 보증금 17500만원 임대료는 0만원에 전세로 거래되었습니다.,용산구 문배동에 있는 2013년에 지어진 용산큐브 오피스텔은/는 12층 17.46m²(임대면적) 기준으로 보증금 17500만원 임대료는 0만원에 전세로 거래되었습니다.
전월세가,노원구 상계동에 있는 1988년에 지어진 상계주공10(고층) 아파트은/는 7층 58.01m²(임대면적) 기준으로 보증금 4000만원 임대료는 85만원에 월세로 거래되었습니다.,노원구 상계동에 있는 1988년에 지어진 상계주공10(고층) 아파트은/는 7층 58.01m²(임대면적) 기준으로 보증금 4000만원 임대료는 85만원에 월세로 거래되었습니다.
전월세가,금천구 가산동에 있는 2021년에 지어진 지밸리마인드3차 오피스텔은/는 10층 18.54m²(임대면적) 기준으로 보증금 18000만원 임대료는 0만원에 전세로 거래되었습니다.,금천구 가산동에 있는 2021년에 지어진 지밸리마인드3차 오피스텔은/는 10층 18.54m²(임대면적) 기준으로 보증금 18000만원 임대료는 0만원에 전세로 거래되었습니다.
전월세가,강서구 마곡동에 있는 2014년에 지어진 마곡엠벨리(14단지) 아파트은/는 16층 84.93m²(임대면적) 기준으로 보증금 28977만원 임대료는 0만원에 전세로 거래되었습니다.,강서구 마곡동에 있는 2014년에 지어진 마곡엠벨리(14단지) 아파트은/는 16층 84.93m²(임대면적) 기준으로 보증금 28977만원 임대료는 0만원에 전세로 거래되었습니다.
전월세가,송파구 신천동에 있는 1979년에 지어진 장미1 아파트은/는 3층 82.45m²(임대면적) 기준으로 보증금 5000만원 임대료는 165만원에 월세로 거래되었습니다.,송파구 신천동에 있는 1979년에 지어진 장미1 아파트은/는 3층 82.45m²(임대면적) 기준으로 보증금 5000만원 임대료는 165만원에 월세로 거래되었습니다.
전월세가,마포구 상암동에 있는 2010년에 지어진 상암월드컵파크11단지 아파트은/는 8층 114.72m²(임대면적) 기준으로 보증금 29244만원 임대료는 0만원에 전세로 거래되었습니다.,마포구 상암동에 있는 2010년에 지어진 상암월드컵파크11단지 아파트은/는 8층 114.72m²(임대면적) 기준으로 보증금 29244만원 임대료는 0만원에 전세로 거래되었습니다.
전월세가,강동구 성내동에 있는 2021년에 지어진 엘림하우스(503-5) 연립다세대은/는 4층 35.68m²(임대면적) 기준으로 보증금 5640만원 임대료는 22만원에 월세로 거래되었습니다.,강동구 성내동에 있는 2021년에 지어진 엘림하우스(503-5) 연립다세대은/는 4층 35.68m²(임대면적) 기준으로 보증금 5640만원 임대료는 22만원에 월세로 거래되었습니다.
전월세가,마포구 성산동에 있는 1986년에 지어진 성산시영(선경) 아파트은/는 7층 50.54m²(임대면적) 기준으로 보증금 30000만원 임대료는 0만원에 전세로 거래되었습니다.,마포구 성산동에 있는 1986년에 지어진 성산시영(선경) 아파트은/는 7층 50.54m²(임대면적) 기준으로 보증금 30000만원 임대료는 0만원에 전세로 거래되었습니다.
전월세가,동대문구 답십리동에 있는 2019년에 지어진 스타클래스 오피스텔은/는 5층 35.65m²(임대면적) 기준으로 보증금 25000만원 임대료는 0만원에 전세로 거래되었습니다.,동대문구 답십리동에 있는 2019년에 지어진 스타클래스 오피스텔은/는 5층 35.65m²(임대면적) 기준으로 보증금 25000만원 임대료는 0만원에 전세로 거래되었습니다.
전월세가,구로구 개봉동에 있는 2020년에 지어진 센트레빌레우스1단지 아파트은/는 7층 74.94m²(임대면적) 기준으로 보증금 15495만원 임대료는 66만원에 월세로 거래되었습니다.,구로구 개봉동에 있는 2020년에 지어진 센트레빌레우스1단지 아파트은/는 7층 74.94m²(임대면적) 기준으로 보증금 15495만원 임대료는 66만원에 월세로 거래되었습니다.
전월세가,강동구 암사동에 있는 2004년에 지어진 지니하우스 연립다세대은/는 2층 63.73m²(임대면적) 기준으로 보증금 24000만원 임대료는 0만원에 전세로 거래되었습니다.,강동구 암사동에 있는 2004년에 지어진 지니하우스 연립다세대은/는 2층 63.73m²(임대면적) 기준으로 보증금 24000만원 임대료는 0만원에 전세로 거래되었습니다.
전월세가,송파구 장지동에 있는 2008년에 지어진 송파파인타운5단지 아파트은/는 7층 49.93m²(임대면적) 기준으로 보증금 7668만원 임대료는 12만원에 월세로 거래되었습니다.,송파구 장지동에 있는 2008년에 지어진 송파파인타운5단지 아파트은/는 7층 49.93m²(임대면적) 기준으로 보증금 7668만원 임대료는 12만원에 월세로 거래되었습니다.
전월세가,중랑구 상봉동에 있는 2019년에 지어진  단독다가구은/는 0층 36.41m²(임대면적) 기준으로 보증금 10000만원 임대료는 40만원에 월세로 거래되었습니다.,중랑구 상봉동에 있는 2019년에 지어진  단독다가구은/는 0층 36.41m²(임대면적) 기준으로 보증금 10000만원 임대료는 40만원에 월세로 거래되었습니다.
전월세가,중랑구 상봉동에 있는 2023년에 지어진 봄작시티24 아파트은/는 17층 19.64m²(임대면적) 기준으로 보증금 20000만원 임대료는 15만원에 월세로 거래되었습니다.,중랑구 상봉동에 있는 2023년에 지어진 봄작시티24 아파트은/는 17층 19.64m²(임대면적) 기준으로 보증금 20000만원 임대료는 15만원에 월세로 거래되었습니다.
전월세가,용산구 신창동에 있는 1966년에 지어진  단독다가구은/는 0층 36.36m²(임대면적) 기준으로 보증금 500만원 임대료는 90만원에 월세로 거래되었습니다.,용산구 신창동에 있는 1966년에 지어진  단독다가구은/는 0층 36.36m²(임대면적) 기준으로 보증금 500만원 임대료는 90만원에 월세로 거래되었습니다.
전월세가,서초구 양재동에 있는 2021년에 지어진 서원빌가동 연립다세대은/는 3층 38.96m²(임대면적) 기준으로 보증금 100만원 임대료는 85만원에 월세로 거래되었습니다.,서초구 양재동에 있는 2021년에 지어진 서원빌가동 연립다세대은/는 3층 38.96m²(임대면적) 기준으로 보증금 100만원 임대료는 85만원에 월세로 거래되었습니다.
전월세가,광진구 구의동에 있는 1996년에 지어진  단독다가구은/는 0층 50.0m²(임대면적) 기준으로 보증금 10000만원 임대료는 50만원에 월세로 거래되었습니다.,광진구 구의동에 있는 1996년에 지어진  단독다가구은/는 0층 50.0m²(임대면적) 기준으로 보증금 10000만원 임대료는 50만원에 월세로 거래되었습니다.
전월세가,마포구 성산동에 있는 1986년에 지어진 성산시영(대우) 아파트은/는 3층 50.03m²(임대면적) 기준으로 보증금 26000만원 임대료는 0만원에 전세로 거래되었습니다.,마포구 성산동에 있는 1986년에 지어진 성산시영(대우) 아파트은/는 3층 50.03m²(임대면적) 기준으로 보증금 26000만원 임대료는 0만원에 전세로 거래되었습니다.
전월세가,중랑구 상봉동에 있는 2020년에 지어진  단독다가구은/는 0층 31.68m²(임대면적) 기준으로 보증금 2000만원 임대료는 70만원에 월세로 거래되었습니다.,중랑구 상봉동에 있는 2020년에 지어진  단독다가구은/는 0층 31.68m²(임대면적) 기준으로 보증금 2000만원 임대료는 70만원에 월세로 거래되었습니다.
전월세가,은평구 녹번동에 있는 2020년에 지어진 더푸름 연립다세대은/는 4층 39.93m²(임대면적) 기준으로 보증금 24000만원 임대료는 5만원에 월세로 거래되었습니다.,은평구 녹번동에 있는 2020년에 지어진 더푸름 연립다세대은/는 4층 39.93m²(임대면적) 기준으로 보증금 24000만원 임대료는 5만원에 월세로 거래되었습니다.
전월세가,종로구 사직동에 있는 1967년에 지어진  단독다가구은/는 0층 36.0m²(임대면적) 기준으로 보증금 16000만원 임대료는 0만원에 전세로 거래되었습니다.,종로구 사직동에 있는 1967년에 지어진  단독다가구은/는 0층 36.0m²(임대면적) 기준으로 보증금 16000만원 임대료는 0만원에 전세로 거래되었습니다.
전월세가,은평구 응암동에 있는 2011년에 지어진 백련산힐스테이트2차 아파트은/는 6층 84.59m²(임대면적) 기준으로 보증금 45000만원 임대료는 0만원에 전세로 거래되었습니다.,은평구 응암동에 있는 2011년에 지어진 백련산힐스테이트2차 아파트은/는 6층 84.59m²(임대면적) 기준으로 보증금 45000만원 임대료는 0만원에 전세로 거래되었습니다.
전월세가,종로구 이화동에 있는 2003년에 지어진  단독다가구은/는 0층 36.0m²(임대면적) 기준으로 보증금 12000만원 임대료는 40만원에 월세로 거래되었습니다.,종로구 이화동에 있는 2003년에 지어진  단독다가구은/는 0층 36.0m²(임대면적) 기준으로 보증금 12000만원 임대료는 40만원에 월세로 거래되었습니다.
전월세가,송파구 석촌동에 있는 2010년에 지어진 동남 연립다세대은/는 2층 17.42m²(임대면적) 기준으로 보증금 1000만원 임대료는 45만원에 월세로 거래되었습니다.,송파구 석촌동에 있는 2010년에 지어진 동남 연립다세대은/는 2층 17.42m²(임대면적) 기준으로 보증금 1000만원 임대료는 45만원에 월세로 거래되었습니다.
전월세가,은평구 역촌동에 있는 1992년에 지어진  단독다가구은/는 0층 43.98m²(임대면적) 기준으로 보증금 12000만원 임대료는 0만원에 전세로 거래되었습니다.,은평구 역촌동에 있는 1992년에 지어진  단독다가구은/는 0층 43.98m²(임대면적) 기준으로 보증금 12000만원 임대료는 0만원에 전세로 거래되었습니다.
전월세가,노원구 상계동에 있는 2009년에 지어진 수락리버시티4단지 아파트은/는 5층 39.81m²(임대면적) 기준으로 보증금 5144만원 임대료는 10만원에 월세로 거래되었습니다.,노원구 상계동에 있는 2009년에 지어진 수락리버시티4단지 아파트은/는 5층 39.81m²(임대면적) 기준으로 보증금 5144만원 임대료는 10만원에 월세로 거래되었습니다.
전월세가,광진구 중곡동에 있는 1975년에 지어진  단독다가구은/는 0층 35.0m²(임대면적) 기준으로 보증금 10000만원 임대료는 10만원에 월세로 거래되었습니다.,광진구 중곡동에 있는 1975년에 지어진  단독다가구은/는 0층 35.0m²(임대면적) 기준으로 보증금 10000만원 임대료는 10만원에 월세로 거래되었습니다.
전월세가,강남구 역삼동에 있는 2010년에 지어진 래미안그레이튼(진달래2차) 아파트은/는 18층 84.87m²(임대면적) 기준으로 보증금 119000만원 임대료는 0만원에 전세로 거래되었습니다.,강남구 역삼동에 있는 2010년에 지어진 래미안그레이튼(진달래2차) 아파트은/는 18층 84.87m²(임대면적) 기준으로 보증금 119000만원 임대료는 0만원에 전세로 거래되었습니다.
전월세가,강북구 번동에 있는 1987년에 지어진  단독다가구은/는 0층 35.5m²(임대면적) 기준으로 보증금 500만원 임대료는 38만원에 월세로 거래되었습니다.,강북구 번동에 있는 1987년에 지어진  단독다가구은/는 0층 35.5m²(임대면적) 기준으로 보증금 500만원 임대료는 38만원에 월세로 거래되었습니다.
전월세가,강서구 화곡동에 있는 2017년에 지어진 동양하우징(899-4) 아파트은/는 12층 26.29m²(임대면적) 기준으로 보증금 20000만원 임대료는 5만원에 월세로 거래되었습니다.,강서구 화곡동에 있는 2017년에 지어진 동양하우징(899-4) 아파트은/는 12층 26.29m²(임대면적) 기준으로 보증금 20000만원 임대료는 5만원에 월세로 거래되었습니다.
전월세가,동작구 노량진동에 있는 1990년에 지어진  단독다가구은/는 0층 35.0m²(임대면적) 기준으로 보증금 1000만원 임대료는 60만원에 월세로 거래되었습니다.,동작구 노량진동에 있는 1990년에 지어진  단독다가구은/는 0층 35.0m²(임대면적) 기준으로 보증금 1000만원 임대료는 60만원에 월세로 거래되었습니다.
전월세가,성동구 행당동에 있는 2000년에 지어진 대림e-편한세상 아파트은/는 9층 114.94m²(임대면적) 기준으로 보증금 80000만원 임대료는 0만원에 전세로 거래되었습니다.,성동구 행당동에 있는 2000년에 지어진 대림e-편한세상 아파트은/는 9층 114.94m²(임대면적) 기준으로 보증금 80000만원 임대료는 0만원에 전세로 거래되었습니다.
전월세가,성북구 성북동에 있는 1996년에 지어진  단독다가구은/는 0층 65.34m²(임대면적) 기준으로 보증금 25000만원 임대료는 0만원에 전세로 거래되었습니다.,성북구 성북동에 있는 1996년에 지어진  단독다가구은/는 0층 65.34m²(임대면적) 기준으로 보증금 25000만원 임대료는 0만원에 전세로 거래되었습니다.
전월세가,영등포구 여의도동에 있는 2003년에 지어진 대우트럼프월드II 아파트은/는 23층 179.78m²(임대면적) 기준으로 보증금 180000만원 임대료는 0만원에 전세로 거래되었습니다.,영등포구 여의도동에 있는 2003년에 지어진 대우트럼프월드II 아파트은/는 23층 179.78m²(임대면적) 기준으로 보증금 180000만원 임대료는 0만원에 전세로 거래되었습니다.
전월세가,성북구 석관동에 있는 1989년에 지어진  단독다가구은/는 0층 33.0m²(임대면적) 기준으로 보증금 150만원 임대료는 33만원에 월세로 거래되었습니다.,성북구 석관동에 있는 1989년에 지어진  단독다가구은/는 0층 33.0m²(임대면적) 기준으로 보증금 150만원 임대료는 33만원에 월세로 거래되었습니다.
전월세가,강서구 화곡동에 있는 2003년에 지어진 동영빌라(가) 연립다세대은/는 4층 69.92m²(임대면적) 기준으로 보증금 23000만원 임대료는 0만원에 전세로 거래되었습니다.,강서구 화곡동에 있는 2003년에 지어진 동영빌라(가) 연립다세대은/는 4층 69.92m²(임대면적) 기준으로 보증금 23000만원 임대료는 0만원에 전세로 거래되었습니다.
전월세가,성북구 돈암동에 있는 2003년에 지어진  단독다가구은/는 0층 33.0m²(임대면적) 기준으로 보증금 13000만원 임대료는 0만원에 전세로 거래되었습니다.,성북구 돈암동에 있는 2003년에 지어진  단독다가구은/는 0층 33.0m²(임대면적) 기준으로 보증금 13000만원 임대료는 0만원에 전세로 거래되었습니다.
전월세가,성동구 사근동에 있는 2016년에 지어진 세경빌딩 연립다세대은/는 2층 23.78m²(임대면적) 기준으로 보증금 3000만원 임대료는 55만원에 월세로 거래되었습니다.,성동구 사근동에 있는 2016년에 지어진 세경빌딩 연립다세대은/는 2층 23.78m²(임대면적) 기준으로 보증금 3000만원 임대료는 55만원에 월세로 거래되었습니다.
전월세가,영등포구 도림동에 있는 1992년에 지어진  단독다가구은/는 0층 49.96m²(임대면적) 기준으로 보증금 10000만원 임대료는 80만원에 월세로 거래되었습니다.,영등포구 도림동에 있는 1992년에 지어진  단독다가구은/는 0층 49.96m²(임대면적) 기준으로 보증금 10000만원 임대료는 80만원에 월세로 거래되었습니다.
전월세가,강동구 성내동에 있는 2020년에 지어진 삼화에코빌 연립다세대은/는 4층 50.1m²(임대면적) 기준으로 보증금 2399만원 임대료는 61만원에 월세로 거래되었습니다.,강동구 성내동에 있는 2020년에 지어진 삼화에코빌 연립다세대은/는 4층 50.1m²(임대면적) 기준으로 보증금 2399만원 임대료는 61만원에 월세로 거래되었습니다.
전월세가,강북구 수유동에 있는 1974년에 지어진  단독다가구은/는 0층 197.38m²(임대면적) 기준으로 보증금 40000만원 임대료는 0만원에 전세로 거래되었습니다.,강북구 수유동에 있는 1974년에 지어진  단독다가구은/는 0층 197.38m²(임대면적) 기준으로 보증금 40000만원 임대료는 0만원에 전세로 거래되었습니다.
전월세가,강동구 성내동에 있는 2020년에 지어진 삼화에코빌 연립다세대은/는 4층 46.35m²(임대면적) 기준으로 보증금 7919만원 임대료는 22만원에 월세로 거래되었습니다.,강동구 성내동에 있는 2020년에 지어진 삼화에코빌 연립다세대은/는 4층 46.35m²(임대면적) 기준으로 보증금 7919만원 임대료는 22만원에 월세로 거래되었습니다.
전월세가,관악구 봉천동에 있는 1974년에 지어진  단독다가구은/는 0층 45.76m²(임대면적) 기준으로 보증금 19000만원 임대료는 0만원에 전세로 거래되었습니다.,관악구 봉천동에 있는 1974년에 지어진  단독다가구은/는 0층 45.76m²(임대면적) 기준으로 보증금 19000만원 임대료는 0만원에 전세로 거래되었습니다.
전월세가,마포구 아현동에 있는 2006년에 지어진 마포 에스케이 허브 블루 오피스텔은/는 3층 32.42m²(임대면적) 기준으로 보증금 4000만원 임대료는 60만원에 월세로 거래되었습니다.,마포구 아현동에 있는 2006년에 지어진 마포 에스케이 허브 블루 오피스텔은/는 3층 32.42m²(임대면적) 기준으로 보증금 4000만원 임대료는 60만원에 월세로 거래되었습니다.
전월세가,관악구 신림동에 있는 2014년에 지어진  단독다가구은/는 0층 42.9m²(임대면적) 기준으로 보증금 1500만원 임대료는 100만원에 월세로 거래되었습니다.,관악구 신림동에 있는 2014년에 지어진  단독다가구은/는 0층 42.9m²(임대면적) 기준으로 보증금 1500만원 임대료는 100만원에 월세로 거래되었습니다.
전월세가,서초구 서초동에 있는 2004년에 지어진 서초금성타운 연립다세대은/는 2층 28.7m²(임대면적) 기준으로 보증금 5000만원 임대료는 58만원에 월세로 거래되었습니다.,서초구 서초동에 있는 2004년에 지어진 서초금성타운 연립다세대은/는 2층 28.7m²(임대면적) 기준으로 보증금 5000만원 임대료는 58만원에 월세로 거래되었습니다.
전월세가,강서구 화곡동에 있는 1997년에 지어진  단독다가구은/는 0층 42.0m²(임대면적) 기준으로 보증금 1000만원 임대료는 45만원에 월세로 거래되었습니다.,강서구 화곡동에 있는 1997년에 지어진  단독다가구은/는 0층 42.0m²(임대면적) 기준으로 보증금 1000만원 임대료는 45만원에 월세로 거래되었습니다.
전월세가,금천구 시흥동에 있는 2017년에 지어진 세진파크 연립다세대은/는 7층 29.55m²(임대면적) 기준으로 보증금 16300만원 임대료는 0만원에 전세로 거래되었습니다.,금천구 시흥동에 있는 2017년에 지어진 세진파크 연립다세대은/는 7층 29.55m²(임대면적) 기준으로 보증금 16300만원 임대료는 0만원에 전세로 거래되었습니다.
전월세가,성동구 송정동에 있는 1972년에 지어진  단독다가구은/는 0층 63.11m²(임대면적) 기준으로 보증금 2000만원 임대료는 60만원에 월세로 거래되었습니다.,성동구 송정동에 있는 1972년에 지어진  단독다가구은/는 0층 63.11m²(임대면적) 기준으로 보증금 2000만원 임대료는 60만원에 월세로 거래되었습니다.
전월세가,강남구 도곡동에 있는 2006년에 지어진 도곡렉슬 아파트은/는 8층 85.0m²(임대면적) 기준으로 보증금 20000만원 임대료는 440만원에 월세로 거래되었습니다.,강남구 도곡동에 있는 2006년에 지어진 도곡렉슬 아파트은/는 8층 85.0m²(임대면적) 기준으로 보증금 20000만원 임대료는 440만원에 월세로 거래되었습니다.
전월세가,강북구 미아동에 있는 1993년에 지어진  단독다가구은/는 0층 39.05m²(임대면적) 기준으로 보증금 1000만원 임대료는 50만원에 월세로 거래되었습니다.,강북구 미아동에 있는 1993년에 지어진  단독다가구은/는 0층 39.05m²(임대면적) 기준으로 보증금 1000만원 임대료는 50만원에 월세로 거래되었습니다.
전월세가,서초구 서초동에 있는 1988년에 지어진 삼풍아파트 아파트은/는 8층 79.47m²(임대면적) 기준으로 보증금 45000만원 임대료는 130만원에 월세로 거래되었습니다.,서초구 서초동에 있는 1988년에 지어진 삼풍아파트 아파트은/는 8층 79.47m²(임대면적) 기준으로 보증금 45000만원 임대료는 130만원에 월세로 거래되었습니다.
전월세가,강남구 세곡동에 있는 2009년에 지어진  단독다가구은/는 0층 181.48m²(임대면적) 기준으로 보증금 30000만원 임대료는 0만원에 전세로 거래되었습니다.,강남구 세곡동에 있는 2009년에 지어진  단독다가구은/는 0층 181.48m²(임대면적) 기준으로 보증금 30000만원 임대료는 0만원에 전세로 거래되었습니다.
전월세가,송파구 장지동에 있는 2007년에 지어진 송파파인타운11단지 아파트은/는 3층 59.96m²(임대면적) 기준으로 보증금 14843만원 임대료는 0만원에 전세로 거래되었습니다.,송파구 장지동에 있는 2007년에 지어진 송파파인타운11단지 아파트은/는 3층 59.96m²(임대면적) 기준으로 보증금 14843만원 임대료는 0만원에 전세로 거래되었습니다.
전월세가,송파구 가락동에 있는 1996년에 지어진  단독다가구은/는 0층 46.28m²(임대면적) 기준으로 보증금 20000만원 임대료는 0만원에 전세로 거래되었습니다.,송파구 가락동에 있는 1996년에 지어진  단독다가구은/는 0층 46.28m²(임대면적) 기준으로 보증금 20000만원 임대료는 0만원에 전세로 거래되었습니다.
전월세가,송파구 장지동에 있는 2007년에 지어진 송파파인타운11단지 아파트은/는 2층 59.96m²(임대면적) 기준으로 보증금 15585만원 임대료는 0만원에 전세로 거래되었습니다.,송파구 장지동에 있는 2007년에 지어진 송파파인타운11단지 아파트은/는 2층 59.96m²(임대면적) 기준으로 보증금 15585만원 임대료는 0만원에 전세로 거래되었습니다.
전월세가,중랑구 묵동에 있는 2015년에 지어진  단독다가구은/는 0층 46.28m²(임대면적) 기준으로 보증금 2000만원 임대료는 65만원에 월세로 거래되었습니다.,중랑구 묵동에 있는 2015년에 지어진  단독다가구은/는 0층 46.28m²(임대면적) 기준으로 보증금 2000만원 임대료는 65만원에 월세로 거래되었습니다.
전월세가,은평구 녹번동에 있는 2015년에 지어진 북한산푸르지오 아파트은/는 7층 40.93m²(임대면적) 기준으로 보증금 2987만원 임대료는 17만원에 월세로 거래되었습니다.,은평구 녹번동에 있는 2015년에 지어진 북한산푸르지오 아파트은/는 7층 40.93m²(임대면적) 기준으로 보증금 2987만원 임대료는 17만원에 월세로 거래되었습니다.
전월세가,용산구 한강로3가에 있는 1989년에 지어진  단독다가구은/는 0층 32.34m²(임대면적) 기준으로 보증금 1000만원 임대료는 40만원에 월세로 거래되었습니다.,용산구 한강로3가에 있는 1989년에 지어진  단독다가구은/는 0층 32.34m²(임대면적) 기준으로 보증금 1000만원 임대료는 40만원에 월세로 거래되었습니다.
전월세가,양천구 목동에 있는 2018년에 지어진 서림그랑빌 연립다세대은/는 3층 27.79m²(임대면적) 기준으로 보증금 5000만원 임대료는 65만원에 월세로 거래되었습니다.,양천구 목동에 있는 2018년에 지어진 서림그랑빌 연립다세대은/는 3층 27.79m²(임대면적) 기준으로 보증금 5000만원 임대료는 65만원에 월세로 거래되었습니다.
전월세가,성북구 하월곡동에 있는 1970년에 지어진  단독다가구은/는 0층 60.69m²(임대면적) 기준으로 보증금 3000만원 임대료는 80만원에 월세로 거래되었습니다.,성북구 하월곡동에 있는 1970년에 지어진  단독다가구은/는 0층 60.69m²(임대면적) 기준으로 보증금 3000만원 임대료는 80만원에 월세로 거래되었습니다.
전월세가,용산구 산천동에 있는 2001년에 지어진 리버힐삼성 아파트은/는 19층 114.48m²(임대면적) 기준으로 보증금 73000만원 임대료는 0만원에 전세로 거래되었습니다.,용산구 산천동에 있는 2001년에 지어진 리버힐삼성 아파트은/는 19층 114.48m²(임대면적) 기준으로 보증금 73000만원 임대료는 0만원에 전세로 거래되었습니다.
전월세가,성북구 장위동에 있는 년에 지어진  단독다가구은/는 0층 33.63m²(임대면적) 기준으로 보증금 500만원 임대료는 35만원에 월세로 거래되었습니다.,성북구 장위동에 있는 년에 지어진  단독다가구은/는 0층 33.63m²(임대면적) 기준으로 보증금 500만원 임대료는 35만원에 월세로 거래되었습니다.
전월세가,중구 황학동에 있는 2008년에 지어진 롯데캐슬 아파트은/는 10층 84.89m²(임대면적) 기준으로 보증금 50000만원 임대료는 0만원에 전세로 거래되었습니다.,중구 황학동에 있는 2008년에 지어진 롯데캐슬 아파트은/는 10층 84.89m²(임대면적) 기준으로 보증금 50000만원 임대료는 0만원에 전세로 거래되었습니다.
전월세가,송파구 삼전동에 있는 1997년에 지어진  단독다가구은/는 0층 78.6m²(임대면적) 기준으로 보증금 29400만원 임대료는 0만원에 전세로 거래되었습니다.,송파구 삼전동에 있는 1997년에 지어진  단독다가구은/는 0층 78.6m²(임대면적) 기준으로 보증금 29400만원 임대료는 0만원에 전세로 거래되었습니다.
전월세가,송파구 송파동에 있는 2019년에 지어진 더헤리움 연립다세대은/는 6층 48.25m²(임대면적) 기준으로 보증금 50000만원 임대료는 0만원에 전세로 거래되었습니다.,송파구 송파동에 있는 2019년에 지어진 더헤리움 연립다세대은/는 6층 48.25m²(임대면적) 기준으로 보증금 50000만원 임대료는 0만원에 전세로 거래되었습니다.
전월세가,송파구 잠실동에 있는 1997년에 지어진  단독다가구은/는 0층 60.0m²(임대면적) 기준으로 보증금 27300만원 임대료는 8만원에 월세로 거래되었습니다.,송파구 잠실동에 있는 1997년에 지어진  단독다가구은/는 0층 60.0m²(임대면적) 기준으로 보증금 27300만원 임대료는 8만원에 월세로 거래되었습니다.
전월세가,마포구 성산동에 있는 2021년에 지어진 마포상암시티프라디움리버 오피스텔은/는 9층 17.02m²(임대면적) 기준으로 보증금 20000만원 임대료는 0만원에 전세로 거래되었습니다.,마포구 성산동에 있는 2021년에 지어진 마포상암시티프라디움리버 오피스텔은/는 9층 17.02m²(임대면적) 기준으로 보증금 20000만원 임대료는 0만원에 전세로 거래되었습니다.
전월세가,중구 신당동에 있는 1993년에 지어진  단독다가구은/는 0층 48.14m²(임대면적) 기준으로 보증금 13000만원 임대료는 10만원에 월세로 거래되었습니다.,중구 신당동에 있는 1993년에 지어진  단독다가구은/는 0층 48.14m²(임대면적) 기준으로 보증금 13000만원 임대료는 10만원에 월세로 거래되었습니다.
전월세가,서초구 반포동에 있는 2023년에 지어진 래미안원베일리 아파트은/는 3층 59.96m²(임대면적) 기준으로 보증금 38640만원 임대료는 17만원에 월세로 거래되었습니다.,서초구 반포동에 있는 2023년에 지어진 래미안원베일리 아파트은/는 3층 59.96m²(임대면적) 기준으로 보증금 38640만원 임대료는 17만원에 월세로 거래되었습니다.
전월세가,강북구 미아동에 있는 1989년에 지어진  단독다가구은/는 0층 34.0m²(임대면적) 기준으로 보증금 8000만원 임대료는 20만원에 월세로 거래되었습니다.,강북구 미아동에 있는 1989년에 지어진  단독다가구은/는 0층 34.0m²(임대면적) 기준으로 보증금 8000만원 임대료는 20만원에 월세로 거래되었습니다.
전월세가,강동구 고덕동에 있는 2016년에 지어진 래미안힐스테이트고덕 아파트은/는 2층 59.23m²(임대면적) 기준으로 보증금 37500만원 임대료는 0만원에 전세로 거래되었습니다.,강동구 고덕동에 있는 2016년에 지어진 래미안힐스테이트고덕 아파트은/는 2층 59.23m²(임대면적) 기준으로 보증금 37500만원 임대료는 0만원에 전세로 거래되었습니다.
전월세가,도봉구 창동에 있는 1994년에 지어진  단독다가구은/는 0층 39.85m²(임대면적) 기준으로 보증금 8000만원 임대료는 0만원에 전세로 거래되었습니다.,도봉구 창동에 있는 1994년에 지어진  단독다가구은/는 0층 39.85m²(임대면적) 기준으로 보증금 8000만원 임대료는 0만원에 전세로 거래되었습니다.
전월세가,은평구 불광동에 있는 2009년에 지어진 북한산힐스테이트1차아파트 아파트은/는 4층 84.73m²(임대면적) 기준으로 보증금 56000만원 임대료는 0만원에 전세로 거래되었습니다.,은평구 불광동에 있는 2009년에 지어진 북한산힐스테이트1차아파트 아파트은/는 4층 84.73m²(임대면적) 기준으로 보증금 56000만원 임대료는 0만원에 전세로 거래되었습니다.
전월세가,중랑구 신내동에 있는 1991년에 지어진  단독다가구은/는 0층 36.56m²(임대면적) 기준으로 보증금 10000만원 임대료는 0만원에 전세로 거래되었습니다.,중랑구 신내동에 있는 1991년에 지어진  단독다가구은/는 0층 36.56m²(임대면적) 기준으로 보증금 10000만원 임대료는 0만원에 전세로 거래되었습니다.
전월세가,구로구 오류동에 있는 1998년에 지어진 삼천리 아파트은/는 17층 84.75m²(임대면적) 기준으로 보증금 31000만원 임대료는 0만원에 전세로 거래되었습니다.,구로구 오류동에 있는 1998년에 지어진 삼천리 아파트은/는 17층 84.75m²(임대면적) 기준으로 보증금 31000만원 임대료는 0만원에 전세로 거래되었습니다.
전월세가,성북구 정릉동에 있는 1992년에 지어진  단독다가구은/는 0층 43.2m²(임대면적) 기준으로 보증금 10000만원 임대료는 0만원에 전세로 거래되었습니다.,성북구 정릉동에 있는 1992년에 지어진  단독다가구은/는 0층 43.2m²(임대면적) 기준으로 보증금 10000만원 임대료는 0만원에 전세로 거래되었습니다.
전월세가,구로구 구로동에 있는 2015년에 지어진 대림역포스큐 아파트은/는 20층 14.58m²(임대면적) 기준으로 보증금 10000만원 임대료는 0만원에 전세로 거래되었습니다.,구로구 구로동에 있는 2015년에 지어진 대림역포스큐 아파트은/는 20층 14.58m²(임대면적) 기준으로 보증금 10000만원 임대료는 0만원에 전세로 거래되었습니다.
전월세가,성동구 송정동에 있는 1973년에 지어진  단독다가구은/는 0층 68.33m²(임대면적) 기준으로 보증금 27000만원 임대료는 0만원에 전세로 거래되었습니다.,성동구 송정동에 있는 1973년에 지어진  단독다가구은/는 0층 68.33m²(임대면적) 기준으로 보증금 27000만원 임대료는 0만원에 전세로 거래되었습니다.
전월세가,강남구 일원동에 있는 2018년에 지어진 래미안 개포 루체하임 아파트은/는 2층 84.99m²(임대면적) 기준으로 보증금 125000만원 임대료는 0만원에 전세로 거래되었습니다.,강남구 일원동에 있는 2018년에 지어진 래미안 개포 루체하임 아파트은/는 2층 84.99m²(임대면적) 기준으로 보증금 125000만원 임대료는 0만원에 전세로 거래되었습니다.
전월세가,영등포구 신길동에 있는 1990년에 지어진  단독다가구은/는 0층 50.0m²(임대면적) 기준으로 보증금 6000만원 임대료는 120만원에 월세로 거래되었습니다.,영등포구 신길동에 있는 1990년에 지어진  단독다가구은/는 0층 50.0m²(임대면적) 기준으로 보증금 6000만원 임대료는 120만원에 월세로 거래되었습니다.
전월세가,마포구 상암동에 있는 2003년에 지어진 상암월드컵파크3단지 아파트은/는 11층 84.94m²(임대면적) 기준으로 보증금 55000만원 임대료는 0만원에 전세로 거래되었습니다.,마포구 상암동에 있는 2003년에 지어진 상암월드컵파크3단지 아파트은/는 11층 84.94m²(임대면적) 기준으로 보증금 55000만원 임대료는 0만원에 전세로 거래되었습니다.
전월세가,구로구 구로동에 있는 2007년에 지어진  단독다가구은/는 0층 48.44m²(임대면적) 기준으로 보증금 5000만원 임대료는 25만원에 월세로 거래되었습니다.,구로구 구로동에 있는 2007년에 지어진  단독다가구은/는 0층 48.44m²(임대면적) 기준으로 보증금 5000만원 임대료는 25만원에 월세로 거래되었습니다.
전월세가,강서구 화곡동에 있는 2014년에 지어진 라인씨티 아파트은/는 5층 14.91m²(임대면적) 기준으로 보증금 7700만원 임대료는 5만원에 월세로 거래되었습니다.,강서구 화곡동에 있는 2014년에 지어진 라인씨티 아파트은/는 5층 14.91m²(임대면적) 기준으로 보증금 7700만원 임대료는 5만원에 월세로 거래되었습니다.
전월세가,용산구 이태원동에 있는 1961년에 지어진  단독다가구은/는 0층 58.31m²(임대면적) 기준으로 보증금 1000만원 임대료는 85만원에 월세로 거래되었습니다.,용산구 이태원동에 있는 1961년에 지어진  단독다가구은/는 0층 58.31m²(임대면적) 기준으로 보증금 1000만원 임대료는 85만원에 월세로 거래되었습니다.
전월세가,서초구 반포동에 있는 2023년에 지어진 래미안원베일리 아파트은/는 6층 59.96m²(임대면적) 기준으로 보증금 120000만원 임대료는 0만원에 전세로 거래되었습니다.,서초구 반포동에 있는 2023년에 지어진 래미안원베일리 아파트은/는 6층 59.96m²(임대면적) 기준으로 보증금 120000만원 임대료는 0만원에 전세로 거래되었습니다.
전월세가,강동구 성내동에 있는 1998년에 지어진  단독다가구은/는 0층 50.0m²(임대면적) 기준으로 보증금 4000만원 임대료는 60만원에 월세로 거래되었습니다.,강동구 성내동에 있는 1998년에 지어진  단독다가구은/는 0층 50.0m²(임대면적) 기준으로 보증금 4000만원 임대료는 60만원에 월세로 거래되었습니다.
전월세가,송파구 장지동에 있는 2007년에 지어진 송파파인타운10단지 아파트은/는 7층 49.93m²(임대면적) 기준으로 보증금 4376만원 임대료는 29만원에 월세로 거래되었습니다.,송파구 장지동에 있는 2007년에 지어진 송파파인타운10단지 아파트은/는 7층 49.93m²(임대면적) 기준으로 보증금 4376만원 임대료는 29만원에 월세로 거래되었습니다.
전월세가,영등포구 문래동3가에 있는 2017년에 지어진 세종에버그린 연립다세대은/는 5층 25.97m²(임대면적) 기준으로 보증금 23000만원 임대료는 13만원에 월세로 거래되었습니다.,영등포구 문래동3가에 있는 2017년에 지어진 세종에버그린 연립다세대은/는 5층 25.97m²(임대면적) 기준으로 보증금 23000만원 임대료는 13만원에 월세로 거래되었습니다.
전월세가,은평구 수색동에 있는 2003년에 지어진 e편한세상 수색 에코포레 아파트은/는 4층 32.78m²(임대면적) 기준으로 보증금 1106만원 임대료는 15만원에 월세로 거래되었습니다.,은평구 수색동에 있는 2003년에 지어진 e편한세상 수색 에코포레 아파트은/는 4층 32.78m²(임대면적) 기준으로 보증금 1106만원 임대료는 15만원에 월세로 거래되었습니다.
전월세가,강남구 수서동에 있는 2016년에 지어진 하니움 아파트은/는 8층 35.37m²(임대면적) 기준으로 보증금 19875만원 임대료는 0만원에 전세로 거래되었습니다.,강남구 수서동에 있는 2016년에 지어진 하니움 아파트은/는 8층 35.37m²(임대면적) 기준으로 보증금 19875만원 임대료는 0만원에 전세로 거래되었습니다.
전월세가,강북구 수유동에 있는 1988년에 지어진  단독다가구은/는 0층 33.0m²(임대면적) 기준으로 보증금 200만원 임대료는 33만원에 월세로 거래되었습니다.,강북구 수유동에 있는 1988년에 지어진  단독다가구은/는 0층 33.0m²(임대면적) 기준으로 보증금 200만원 임대료는 33만원에 월세로 거래되었습니다.
전월세가,동작구 상도동에 있는 2006년에 지어진 상도팰리스 아파트은/는 6층 84.86m²(임대면적) 기준으로 보증금 55000만원 임대료는 0만원에 전세로 거래되었습니다.,동작구 상도동에 있는 2006년에 지어진 상도팰리스 아파트은/는 6층 84.86m²(임대면적) 기준으로 보증금 55000만원 임대료는 0만원에 전세로 거래되었습니다.
전월세가,서대문구 대현동에 있는 2018년에 지어진 MJ더퍼스트이대 오피스텔은/는 6층 23.45m²(임대면적) 기준으로 보증금 21000만원 임대료는 20만원에 월세로 거래되었습니다.,서대문구 대현동에 있는 2018년에 지어진 MJ더퍼스트이대 오피스텔은/는 6층 23.45m²(임대면적) 기준으로 보증금 21000만원 임대료는 20만원에 월세로 거래되었습니다.
전월세가,양천구 신정동에 있는 2011년에 지어진 이펜하우스1단지 아파트은/는 4층 84.51m²(임대면적) 기준으로 보증금 21229만원 임대료는 0만원에 전세로 거래되었습니다.,양천구 신정동에 있는 2011년에 지어진 이펜하우스1단지 아파트은/는 4층 84.51m²(임대면적) 기준으로 보증금 21229만원 임대료는 0만원에 전세로 거래되었습니다.
전월세가,도봉구 창동에 있는 년에 지어진  단독다가구은/는 0층 42.0m²(임대면적) 기준으로 보증금 4000만원 임대료는 40만원에 월세로 거래되었습니다.,도봉구 창동에 있는 년에 지어진  단독다가구은/는 0층 42.0m²(임대면적) 기준으로 보증금 4000만원 임대료는 40만원에 월세로 거래되었습니다.
전월세가,마포구 상암동에 있는 2003년에 지어진 상암월드컵파크1단지 아파트은/는 17층 49.93m²(임대면적) 기준으로 보증금 7250만원 임대료는 0만원에 전세로 거래되었습니다.,마포구 상암동에 있는 2003년에 지어진 상암월드컵파크1단지 아파트은/는 17층 49.93m²(임대면적) 기준으로 보증금 7250만원 임대료는 0만원에 전세로 거래되었습니다.
전월세가,강동구 강일동에 있는 2009년에 지어진 강일리버파크9단지 아파트은/는 6층 59.92m²(임대면적) 기준으로 보증금 8820만원 임대료는 16만원에 월세로 거래되었습니다.,강동구 강일동에 있는 2009년에 지어진 강일리버파크9단지 아파트은/는 6층 59.92m²(임대면적) 기준으로 보증금 8820만원 임대료는 16만원에 월세로 거래되었습니다.
전월세가,강남구 수서동에 있는 2016년에 지어진 하니움 아파트은/는 3층 35.37m²(임대면적) 기준으로 보증금 19875만원 임대료는 0만원에 전세로 거래되었습니다.,강남구 수서동에 있는 2016년에 지어진 하니움 아파트은/는 3층 35.37m²(임대면적) 기준으로 보증금 19875만원 임대료는 0만원에 전세로 거래되었습니다.
